dataset_index,system,system_full_name,uniprot_id,ligand_entry,experimental_pkoff,lig_level_predicted_pkoff,frag_level_predicted_pkoff,whole_predicted_deltaG_dagger,f1_predicted_deltaG_dagger,f2_predicted_deltaG_dagger,f3_predicted_deltaG_dagger,fragment_sum_predicted_deltaG_dagger,original_smiles,f1_smiles,f2_smiles,f3_smiles,chosen_slot,value_source,v1_record_count,v2_record_count
1,MAPK14,mitogen-activated protein kinase 14,Q16539,3hec_ligand_native_1.mol2,0.420216403,,,25.745,3.484,10.324,6.39,20.198,[H]C1=NC([H])=C(C2=C([H])C([H])=NC(N([H])C3=C(C([H])([H])[H])C([H])=C([H])C(N([H])C(=O)C4=C([H])C([H])=C(C([H])([H])[N+]5([H])C([H])([H])C([H])([H])[N+]([H])(C([H])([H])[H])C([H])([H])C5([H])[H])C([H])=C4[H])=C3[H])=N2)C([H])=C1[H],[H]C([H])([H])[N+]1([H])C([H])([H])C([H])([H])[N+]([H])(C([H])([H])[H])C([H])([H])C1([H])[H],[H]C1=C([H])C([H])=C(C(=O)N([H])[H])C([H])=C1[H],[H]C1=NC([H])=C(C2=C([H])C([H])=NC(N([H])C3=C(C([H])([H])[H])C([H])=C([H])C([H])=C3[H])=N2)C([H])=C1[H],base,v2,1,1
2,MAPK14,mitogen-activated protein kinase 14,Q16539,3heg_ligand_native_2.mol2,1.744727495,,,23.5,14.228,7.997,14.825,37.05,[H]C1=NC(C(=O)N([H])C([H])([H])[H])=C([H])C(OC2=C([H])C([H])=C(N([H])C(=O)N([H])C3=C([H])C(C(F)(F)F)=C(Cl)C([H])=C3[H])C([H])=C2[H])=C1[H],[H]OC1=C([H])C([H])=NC(C(=O)N([H])C([H])([H])[H])=C1[H],[H]C1=C([H])C(Cl)=C(C(F)(F)F)C([H])=C1[H],[H]C1=C([H])C([H])=C(N([H])C(=O)N([H])[H])C([H])=C1[H],base,v2,1,1
3,MAPK14,mitogen-activated protein kinase 14,Q16539,1kv2_ligand_native_3.mol2,5.080921908,,,56.261,17.387,26.169,0.203,43.759,[H]C1=C([H])C([H])=C2C(=C1[H])/C(OC([H])([H])C([H])([H])[N+]1([H])C([H])([H])C([H])([H])OC([H])([H])C1([H])[H])=C([H])\C([H])=C/2N([H])C(=O)N([H])C1=C([H])C(C(C([H])([H])[H])(C([H])([H])[H])C([H])([H])[H])=NN1C1=C([H])C([H])=C(C([H])([H])[H])C([H])=C1[H],[H]OC([H])([H])C([H])([H])[N+]1([H])C([H])([H])C([H])([H])OC([H])([H])C1([H])[H],[H]C(=O)N([H])C1=C([H])C(C(C([H])([H])[H])(C([H])([H])[H])C([H])([H])[H])=NN1C1=C([H])C([H])=C(C([H])([H])[H])C([H])=C1[H],[H]C1=C([H])C([H])=C2C(=C1[H])/C([H])=C([H])\C([H])=C/2N([H])[H],base,v2,1,1
10,MAPK14,mitogen-activated protein kinase 14,Q16539,3d83_ligand_native_10.mol2,2.075720714,,,37.63,3.696,30.319,4.824,38.839,[H]C1=NC(N2C([H])([H])C([H])([H])OC([H])([H])C2([H])[H])=C([H])C(C(=O)N([H])C2=C([H])C(C3=C([H])C([H])=C(C(=O)N([H])C([H])([H])C4([H])C([H])([H])C4([H])[H])C([H])=C3[H])=C(C([H])([H])[H])C([H])=C2[H])=C1[H],[H]C1=C([H])C([H])=C(C(=O)N([H])C([H])([H])C2([H])C([H])([H])C2([H])[H])C([H])=C1[H],[H]C(=O)C1=C([H])C([H])=NC(N2C([H])([H])C([H])([H])OC([H])([H])C2([H])[H])=C1[H],[H]C1=C([H])C(C([H])([H])[H])=C([H])C([H])=C1N([H])[H],base,v2,1,1
16,MAPK14,mitogen-activated protein kinase 14,Q16539,2yiw_ligand_native_16.mol2,4.397940009,,,42.505,13.45,5.517,27.728,46.695,[H]C1=C([H])C(SC2=C([H])C([H])=C([H])C([H])=C2C([H])([H])N([H])C(=O)N([H])C2=C([H])C(C(C([H])([H])[H])(C([H])([H])[H])C([H])([H])[H])=NN2C2=C([H])C([H])=C([H])C([H])=C2[H])=C([H])N2C1=NN=C2C([H])(C([H])([H])[H])C([H])([H])[H],[H]C1=C([H])/C2=N/N=C(/C([H])(C([H])([H])[H])C([H])([H])[H])N2C([H])=C1[H],[H]SC1=C([H])C([H])=C([H])C([H])=C1[H],[H]C1=C([H])C([H])=C(N2N=C(C(C([H])([H])[H])(C([H])([H])[H])C([H])([H])[H])C([H])=C2N([H])C(=O)N([H])C([H])([H])[H])C([H])=C1[H],base,v2,1,1
17,MAPK14,mitogen-activated protein kinase 14,Q16539,2yis_ligand_native_17.mol2,5.619788758,,,51.923,9.904,22.233,26.702,58.839,[H]OC1=C(Cl)C([H])=C(N2N=C(C(C([H])([H])[H])(C([H])([H])[H])C([H])([H])[H])C([H])=C2N([H])C(=O)N([H])C([H])([H])C2=C([H])C([H])=C([H])C([H])=C2SC2=C([H])N3C(=NN=C3C3=C([H])C([H])=C([H])C([H])=C3SC([H])([H])C([H])([H])O[H])C([H])=C2[H])C([H])=C1[H],[H]OC([H])([H])C([H])([H])SC1=C([H])C([H])=C([H])C([H])=C1C1=NN=C2C([H])=C([H])C([H])=C([H])N21,[H]OC1=C(Cl)C([H])=C(N2N=C(C(C([H])([H])[H])(C([H])([H])[H])C([H])([H])[H])C([H])=C2N([H])C(=O)N([H])[H])C([H])=C1[H],[H]SC1=C([H])C([H])=C([H])C([H])=C1C([H])([H])[H],base,v2,1,1
26,MAPK14,mitogen-activated protein kinase 14,Q16539,5mty_ligand_native_26.mol2,3.123205024,,,33.334,3.796,8.342,16.615,28.753,[H]OC([H])([H])C([H])([H])N([H])C(=O)C1=C([H])C([H])=C2C(=C1[H])C(=O)C1=C(C(/[H])=C(N([H])C3=C(F)C([H])=C(F)C(N([H])C(=O)C4=C([H])C([H])=C([H])S4)=C3[H])/C([H])=C/1[H])\C([H])([H])C2([H])[H],[H]C1=C([H])C([H])=C(C(=O)N([H])[H])S1,[H]OC([H])([H])C([H])([H])N([H])C(=O)C1=C([H])/C([H])=C2C(=C/1[H])/C(=O)C1=C(C([H])=C([H])C([H])=C1[H])C([H])([H])C/2([H])[H],[H]C1=C([H])C(N([H])[H])=C(F)C([H])=C1F,base,v2,1,1
217,HSP90,heat shock protein 90,P07900,2yki_ligand_native_217.mol2,3.920818754,4.660369668,2.60904586,44.302,4.11,26.292,4.115,34.517,[H]C1=C([H])C([H])=C2C(=C1[H])C1=C(C3=NC4=C([H])/C([H])=N\C([H])=C\4N3[H])/C([H])=C([H])\C([H])=C\1[C@]2([H])N([H])C(=O)/C1=C([H])/C([H])=N\C2=C1C([H])=C([H])N2[H],[H]C1=C([H])N([H])C2=C1/C([H])=C([H])\C([H])=N/2,[H]C(=O)N([H])C1([H])C2=C([H])C([H])=C([H])C([H])=C2C2=C([H])C([H])=C([H])C([H])=C21,[H]C1=NC2=C([H])/C([H])=N\C([H])=C\2N1[H],base,v2,1,1
229,CDK8,cyclin-dependent kinase 8,P49336,4crl_ligand_native_229.mol2,4.197226275,,,38.442,7.42,28.422,-0.014,35.828,[H]O[C@]1([H])/C2=C([H])/C3=C(\[H])C([H])([H])[C@]4(C([H])([H])[H])[C@@]([H])(C5=C(\[H])C6=C([H])N=C([H])C([H])=C6/C([H])=C\5[H])C([H])([H])C([H])([H])[C@@]4([H])[C@]34O[C@]2(C([H])([H])C4([H])[H])C([H])([H])[C@]([H])([N+]([H])(C([H])([H])[H])C([H])([H])[H])[C@@]1([H])O[H],[H]C1=C([H])C2=C([H])/N=C([H])\C([H])=C\2C([H])=C1[H],[H]O[C@]1([H])/C2=C([H])/C3=C(\[H])C([H])([H])[C@]4(C([H])([H])[H])C([H])([H])C([H])([H])C([H])([H])[C@@]4([H])[C@]34O[C@]2(C([H])([H])C4([H])[H])C([H])([H])C([H])([H])[C@@]1([H])O[H],[H]C([H])([H])[N+]([H])([H])C([H])([H])[H],base,v2,1,1
230,CDK8,cyclin-dependent kinase 8,P49336,4f6w_ligand_native_230.mol2,4.991399828,,,46.137,12.04,9.304,21.659,43.003,[H]C1=C([H])C(C([H])([H])[H])=C([H])C([H])=C1N1N=C(C(C([H])([H])[H])(C([H])([H])[H])C([H])([H])[H])C([H])=C1N([H])C(=O)N([H])C([H])([H])C([H])([H])[N+]1([H])C([H])([H])C([H])([H])N(C(=O)N([H])C2=C([H])C(C(C([H])([H])[H])(C([H])([H])[H])C([H])([H])[H])=NN2C2=C([H])C([H])=C(C([H])([H])[H])C([H])=C2[H])C([H])([H])C1([H])[H],[H]C1=C([H])C(C([H])([H])[H])=C([H])C([H])=C1N1N=C(C(C([H])([H])[H])(C([H])([H])[H])C([H])([H])[H])C([H])=C1[H],[H]C(=O)N1C([H])([H])C([H])([H])[N+]([H])(C([H])([H])C([H])([H])N([H])C(=O)N([H])[H])C([H])([H])C1([H])[H],[H]C1=C([H])C(C([H])([H])[H])=C([H])C([H])=C1N1N=C(C(C([H])([H])[H])(C([H])([H])[H])C([H])([H])[H])C([H])=C1N([H])[H],base,v2,1,1
231,CDK8,cyclin-dependent kinase 8,P49336,4f7l_ligand_native_231.mol2,5.067019178,,,49.393,9.914,3.002,33.126,46.042,[H]C1=C([H])C(C([H])([H])[H])=C([H])C([H])=C1N1N=C(C(C([H])([H])[H])(C([H])([H])[H])C([H])([H])[H])C([H])=C1N([H])C(=O)N([H])C([H])([H])C([H])([H])C([H])([H])N([H])C(=O)OC(C([H])([H])[H])(C([H])([H])[H])C([H])([H])[H],[H]C(=O)OC(C([H])([H])[H])(C([H])([H])[H])C([H])([H])[H],[H]N([H])C(=O)N([H])C([H])([H])C([H])([H])C([H])([H])N([H])[H],[H]C1=C([H])C(C([H])([H])[H])=C([H])C([H])=C1N1N=C(C(C([H])([H])[H])(C([H])([H])[H])C([H])([H])[H])C([H])=C1[H],base,v2,1,1
232,CDK8,cyclin-dependent kinase 8,P49336,4f6u_ligand_native_232.mol2,2.928117993,,,32.313,19.682,5.953,8.078,33.713,[H]C1=C([H])C(C([H])([H])[H])=C([H])C([H])=C1N1N=C(C(C([H])([H])[H])(C([H])([H])[H])C([H])([H])[H])C([H])=C1N([H])C(=O)N([H])C([H])([H])C([H])([H])C([H])([H])[N+]1([H])C([H])([H])C([H])([H])OC([H])([H])C1([H])[H],[H]C([H])([H])C([H])(C([H])([H])[H])C([H])([H])[H],[H]N([H])C(=O)N([H])C([H])([H])C([H])([H])C([H])([H])[N+]1([H])C([H])([H])C([H])([H])OC([H])([H])C1([H])[H],[H]C1=NN(C2=C([H])C([H])=C(C([H])([H])[H])C([H])=C2[H])C([H])=C1[H],base,v2,1,1
233,CDK8,cyclin-dependent kinase 8,P49336,4f7n_ligand_native_233.mol2,3.537602002,,,40.822,5.625,24.412,8.311,38.348,[H]OC([H])([H])C([H])([H])C([H])([H])C([H])([H])C([H])([H])N([H])C(=O)N([H])C1=C([H])C(C(C([H])([H])[H])(C([H])([H])[H])C([H])([H])[H])=NN1C1=C([H])C([H])=C(C([H])([H])[H])C([H])=C1[H],[H]OC([H])([H])C([H])([H])C([H])([H])C([H])([H])C([H])([H])N([H])C(=O)N([H])[H],[H]C1=NN(C2=C([H])C([H])=C(C([H])([H])[H])C([H])=C2[H])C([H])=C1[H],[H]C([H])([H])C([H])(C([H])([H])[H])C([H])([H])[H],base,v2,1,1
234,CDK8,cyclin-dependent kinase 8,P49336,4f7n_ligand_10_234_dock.mol2,2.617982957,,,35.37,11.055,14.423,8.763,34.241,[H]OC([H])([H])C([H])([H])C([H])([H])C([H])([H])N([H])C(=O)N([H])C1=C([H])C(C(C([H])([H])[H])(C([H])([H])[H])C([H])([H])[H])=NN1C1=C([H])C([H])=C(C([H])([H])[H])C([H])=C1[H],[H]OC([H])([H])C([H])([H])C([H])([H])C([H])([H])N([H])C(=O)N([H])[H],[H]C1=NN(C2=C([H])C([H])=C(C([H])([H])[H])C([H])=C2[H])C([H])=C1[H],[H]C([H])([H])C([H])(C([H])([H])[H])C([H])([H])[H],base,v2,1,1
497,HSP90,heat shock protein 90,P07900,2vci_ligand_native_497.mol2,4.0,3.216254054,4.815002889,36.153,24.917,11.099,11.099,47.115,[H]OC1=C([H])C(O[H])=C(C([H])(C([H])([H])[H])C([H])([H])[H])C([H])=C1C1=C(C2=C([H])C([H])=C(C([H])([H])N3C([H])([H])C([H])([H])OC([H])([H])C3([H])[H])C([H])=C2[H])C(C(=O)N([H])C([H])([H])C([H])([H])[H])=NO1,[H]OC1=C([H])C(O[H])=C(C([H])(C([H])([H])[H])C([H])([H])[H])C([H])=C1[H],[H]C1=C([H])C(C(=O)N([H])C([H])([H])C([H])([H])[H])=NO1,[H]C1=C([H])C([H])=C(C([H])([H])N2C([H])([H])C([H])([H])OC([H])([H])C2([H])[H])C([H])=C1[H],base,v2,2,2
498,HSP90,heat shock protein 90,P07900,2uwd_ligand_native_498.mol2,2.677780705,2.903117192,1.085993451,34.386,4.238,15.26,6.321,25.819,[H]OC1=C([H])C(O[H])=C(C2=C(C3=C([H])C([H])=C(OC([H])([H])[H])C([H])=C3[H])C(C(=O)N([H])C([H])([H])C([H])([H])[H])=NO2)C([H])=C1Cl,[H]C1=C([H])C(C(=O)N([H])C([H])([H])C([H])([H])[H])=NO1,[H]OC1=C([H])C([H])=C(Cl)C(O[H])=C1[H],[H]C1=C([H])C([H])=C(OC([H])([H])[H])C([H])=C1[H],base,v2,3,3
500,HSP90,heat shock protein 90,P07900,5nyi_ligand_native_500.mol2,4.0,3.130482553,3.812008615,35.669,27.362,6.155,7.87,41.387,[H]OC1=C([H])C(O[H])=C(C2=C(C3=C([H])C([H])=C(C([H])([H])N4C([H])([H])C([H])([H])OC([H])([H])C4([H])[H])C([H])=C3[H])C(C(=O)N([H])C([H])([H])C([H])([H])[H])=NO2)C([H])=C1Cl,[H]C1=C([H])C([H])=C(C([H])([H])N2C([H])([H])C([H])([H])OC([H])([H])C2([H])[H])C([H])=C1[H],[H]OC1=C([H])C([H])=C(Cl)C(O[H])=C1[H],[H]C1=C([H])C(C(=O)N([H])C([H])([H])C([H])([H])[H])=NO1,base,v2,1,1
501,HSP90,heat shock protein 90,P07900,5j2x_ligand_native_501.mol2,1.853871964,1.7306704,1.602199303,27.77,15.865,10.871,2.031,28.767,[H]OC1=C([H])C(O[H])=C(C2=NN([H])C(=O)N2C2=C([H])C([H])=C([H])C([H])=C2F)C([H])=C1Br,[H]OC1=C([H])C([H])=C(Br)C(O[H])=C1[H],[H]C1=C([H])C([H])=C(F)C([H])=C1[H],[H]C1=NN([H])C(=O)N1[H],base,v2,1,1
502,HSP90,heat shock protein 90,P07900,6f1n_ligand_native_502.mol2,0.962573502,0.805082493,0.84119841,22.547,0.765,13.744,9.912,24.421,[H]C1=C([H])C(C2=C3C(=NC(N([H])[H])=C2C#N)S/C(C(=O)N([H])[H])=C\3N([H])[H])=C([H])C(OC([H])([H])C([H])([H])C([H])([H])C(=O)[O-])=C1OC([H])([H])[H],[H]OC(=O)C([H])([H])C([H])([H])C([H])([H])[H],[H]OC1=C(OC([H])([H])[H])C([H])=C([H])C([H])=C1[H],[H]C1=C2C(=NC(N([H])[H])=C1C#N)S/C(C(=O)N([H])[H])=C\2N([H])[H],base,v2,1,1
503,HSP90,heat shock protein 90,P07900,6elo_ligand_native_503.mol2,1.197910742,1.372166794,1.372638288,25.747,-0.092,24.851,2.697,27.456,[H]OC1=C([H])C(O[H])=C(C2=NN([H])C(C([H])([H])[H])=C2C2=C([H])C([H])=C([H])C([H])=C2F)C([H])=C1C([H])([H])C([H])([H])[H],[H]C1=C([H])C([H])=C(F)C([H])=C1[H],[H]OC1=C([H])C([H])=C(C([H])([H])C([H])([H])[H])C(O[H])=C1[H],[H]C1=NN([H])C(C([H])([H])[H])=C1[H],base,v2,1,1
504,HSP90,heat shock protein 90,P07900,5j64_ligand_native_504.mol2,0.677780705,0.994169665,2.110525486,23.614,6.218,5.562,19.89,31.67,[H]OC1=C([H])C(O[H])=C(C2=NN([H])C(=O)N2C2=C([H])C([H])=C([H])C([H])=C2F)C([H])=C1[H],[H]C1=C([H])C([H])=C(F)C([H])=C1[H],[H]C1=NN([H])C(=O)N1[H],[H]OC1=C([H])C([H])=C([H])C(O[H])=C1[H],base,v2,1,1
505,HSP90,heat shock protein 90,P07900,6ey8_ligand_9_505_dock.mol2,0.083546051,-0.661716493,0.008755187,14.27,10.908,1.121,7.638,19.667,[H]OC1=C(C2=C([H])C([H])=NN2C2([H])C([H])([H])C([H])([H])C([H])([H])C([H])([H])C2([H])[H])C([H])=C2C(C([H])([H])[H])=NN([H])C2=C1[H],[H]OC1=C([H])C([H])=C2C(C([H])([H])[H])=NN([H])C2=C1[H],[H]C1=NN([H])C([H])=C1[H],[H]C1([H])C([H])([H])C([H])([H])C([H])([H])C([H])([H])C1([H])[H],base,v2,1,2
507,HSP90,heat shock protein 90,P07900,5j20_ligand_native_507.mol2,3.48148606,2.77534601,4.067309881,33.665,15.481,2.116,25.248,42.845,[H]OC1=C([H])C(O[H])=C(C2=NN([H])C(=O)N2C2=C([H])C([H])=C([H])C([H])=C2F)C([H])=C1C(=O)N(C([H])([H])[H])C([H])([H])C1=C([H])C([H])=C([H])O1,[H]OC1=C([H])C([H])=C(C([H])=O)C(O[H])=C1[H],[H]C1=NN([H])C(=O)N1C1=C([H])C([H])=C([H])C([H])=C1F,[H]C1=C([H])C([H])=C(C([H])([H])N([H])C([H])([H])[H])O1,base,v2,1,1
508,HSP90,heat shock protein 90,P07900,5j86_ligand_native_508.mol2,2.747146969,4.320473515,3.637255074,42.384,2.136,7.592,30.661,40.389,[H]OC1=C([H])C(O[H])=C(C2=NN([H])C(=O)N2C2=C([H])C([H])=C([H])C([H])=C2C([H])([H])[H])C([H])=C1C(=O)N(C([H])([H])[H])C([H])([H])C1=C([H])C([H])=C([H])S1,[H]C1=NN([H])C(=O)N1C1=C([H])C([H])=C([H])C([H])=C1C([H])([H])[H],[H]C1=C([H])C([H])=C(C([H])([H])N([H])C([H])([H])[H])S1,[H]OC1=C([H])C([H])=C(C([H])=O)C(O[H])=C1[H],base,v2,1,1
509,HSP90,heat shock protein 90,P07900,5j9x_ligand_native_509.mol2,2.769551079,3.581137358,3.419075802,38.212,2.544,17.133,19.466,39.143,[H]OC1=C([H])C(O[H])=C(C2=NN([H])C(=O)N2C2=C([H])C([H])=C([H])C([H])=C2F)C([H])=C1C(=O)N(C([H])([H])[H])C([H])([H])C([H])([H])C([H])([H])C([H])([H])[H],[H]C1=NN([H])C(=O)N1C1=C([H])C([H])=C([H])C([H])=C1F,[H]N(C([H])([H])[H])C([H])([H])C([H])([H])C([H])([H])C([H])([H])[H],[H]OC1=C([H])C([H])=C(C([H])=O)C(O[H])=C1[H],base,v2,1,1
511,HSP90,heat shock protein 90,P07900,5j27_ligand_native_511.mol2,2.193820026,2.403905793,2.493302282,31.569,21.568,6.006,6.282,33.856,[H]OC1=C([H])C(O[H])=C(C2=NN([H])C(=O)N2C2=C([H])C([H])=C([H])C([H])=C2F)C([H])=C1S(=O)(=O)N(C([H])([H])[H])C([H])([H])C([H])([H])C([H])([H])[H],[H]C1=NN([H])C(=O)N1C1=C([H])C([H])=C([H])C([H])=C1F,[H]N(C([H])([H])[H])C([H])([H])C([H])([H])C([H])([H])[H],[H]OC1=C([H])C([H])=C(S([H])(=O)=O)C(O[H])=C1[H],base,v2,1,2
512,HSP90,heat shock protein 90,P07900,5j27_ligand_16_512_dock.mol2,1.853871964,2.230590654,1.46754452,30.591,8.922,7.297,11.779,27.998,[H]OC1=C([H])C(O[H])=C(C2=NN([H])C(=O)N2C2=C(F)C([H])=C([H])C([H])=C2[H])C([H])=C1S(=O)(=O)N(C([H])([H])[H])C([H])(C([H])([H])[H])C([H])([H])[H],[H]C1=NN([H])C(=O)N1C1=C(F)C([H])=C([H])C([H])=C1[H],[H]N(C([H])([H])[H])C([H])(C([H])([H])[H])C([H])([H])[H],[H]OC1=C([H])C([H])=C(S([H])(=O)=O)C(O[H])=C1[H],base,v2,1,1
513,HSP90,heat shock protein 90,P07900,5lrz_ligand_native_513.mol2,3.555955204,3.599390384,3.872069201,38.315,10.518,2.877,28.335,41.73,[H]C1=NC2=C(C(=O)N([H])[C@]3([H])C4=C([H])C([H])=C([H])C([H])=C4C4=C(C5=C(\[H])C6=C([H])C([H])=C([H])C([H])=C6/N=C\5[H])C([H])=C([H])C([H])=C43)C(Br)=C([H])N=C2N1[H],[H]C1=NC2=C([H])C(Br)=C([H])N=C2N1[H],[H]C1=C([H])C([H])=C2C(=C1[H])/N=C([H])\C([H])=C/2[H],[H]C(=O)N([H])C1([H])C2=C([H])C([H])=C([H])C([H])=C2C2=C([H])C([H])=C([H])C([H])=C21,base,v2,1,1
514,HSP90,heat shock protein 90,P07900,5lr7_ligand_native_514.mol2,3.723538196,4.60561059,4.117739761,43.993,17.264,17.812,8.057,43.133,[H]C1=C([H])C([H])=C2C(=C1[H])C1=C(/C3=N/C4=C([H])C(F)=C([H])C([H])=C4N3[H])C([H])=C([H])C([H])=C1[C@]2([H])N([H])C(=O)/C1=C([H])/C([H])=N\C2=C1C([H])=C([H])N2[H],[H]C(=O)/C1=C([H])/C([H])=N\C2=C1C([H])=C([H])N2[H],[H]C1=C(F)C([H])=C2/N=C(/[H])N([H])C2=C1[H],[H]C1=C([H])C([H])=C2C(=C1[H])C1=C([H])C([H])=C([H])C([H])=C1C2([H])N([H])[H],base,v2,1,1
516,HSP90,heat shock protein 90,P07900,5lq9_ligand_native_516.mol2,3.866461092,3.101140726,3.918296591,35.503427,8.764,20.629,12.601,41.994,[H]O[C@]1([H])C([H])([H])C([H])([H])[C@@]([H])(N([H])C2=C(C(=O)N([H])[H])C([H])=C([H])C(N3N=C(C([H])([H])[H])C4=C(C5=C(\[H])C6=C([H])C([H])=C([H])C([H])=C6/N=C\5[H])C([H])=C([H])C([H])=C43)=C2[H])C([H])([H])C1([H])[H],[H]C1=C([H])C([H])=C2C(=C1[H])/N=C([H])\C([H])=C/2[H],[H]C1=C([H])C([H])=C2C(=C1[H])C(C([H])([H])[H])=NN2C1=C([H])C([H])=C(C(=O)N([H])[H])C([H])=C1[H],[H]O[C@]1([H])C([H])([H])C([H])([H])[C@@]([H])(N([H])[H])C([H])([H])C1([H])[H],base,v2,1,1
517,HSP90,heat shock protein 90,P07900,5ls1_ligand_native_517.mol2,3.314258261,3.351645431,3.662470013,36.917,8.427,30.354,1.752,40.533,[H]C1=C([H])C(N2C3=C(C(=O)C([H])([H])C(C([H])([H])[H])(C([H])([H])[H])C3([H])[H])/C(C([H])([H])[H])=C\2[H])=C([H])C(N([H])C2([H])C([H])([H])C([H])([H])C(=O)C([H])([H])C2([H])[H])=C1C(=O)N([H])[H],[H]C1=C([H])C([H])=C(C(=O)N([H])[H])C([H])=C1[H],[H]/C1=C(\C([H])([H])[H])C2=C(N1[H])C([H])([H])C(C([H])([H])[H])(C([H])([H])[H])C([H])([H])C2=O,[H]N([H])C1([H])C([H])([H])C([H])([H])C(=O)C([H])([H])C1([H])[H],base,v2,1,1
518,HSP90,heat shock protein 90,P07900,5t21_ligand_native_518.mol2,3.116338565,4.113487746,3.14013553,41.216,22.375,9.138,6.037,37.55,[H]O[C@]1([H])C([H])([H])C([H])([H])[C@@]([H])(N([H])C2=C(C(=O)N([H])[H])C([H])=C([H])C(N3C4=C(C(=O)C([H])([H])C(C([H])([H])[H])(C([H])([H])[H])C4([H])[H])/C(C([H])([H])[H])=C\3[H])=C2[H])C([H])([H])C1([H])[H],[H]O[C@]1([H])C([H])([H])C([H])([H])[C@@]([H])(N([H])[H])C([H])([H])C1([H])[H],[H]C1=C([H])C([H])=C(C(=O)N([H])[H])C([H])=C1[H],[H]/C1=C(\C([H])([H])[H])C2=C(N1[H])C([H])([H])C(C([H])([H])[H])(C([H])([H])[H])C([H])([H])C2=O,base,v2,1,1
519,HSP90,heat shock protein 90,P07900,5j27_ligand_23_519_dock.mol2,2.017728767,2.395576742,2.541630916,31.522,11.928,8.749,13.455,34.132,[H]OC1=C([H])C(O[H])=C(C2=NN([H])C(=O)N2C2=C(Cl)C([H])=C([H])C([H])=C2[H])C([H])=C1S(=O)(=O)N(C([H])([H])[H])C([H])(C([H])([H])[H])C([H])([H])[H],[H]C1=NN([H])C(=O)N1C1=C(Cl)C([H])=C([H])C([H])=C1[H],[H]N(C([H])([H])[H])C([H])(C([H])([H])[H])C([H])([H])[H],[H]OC1=C([H])C([H])=C(S([H])(=O)=O)C(O[H])=C1[H],base,v2,1,2
520,HSP90,heat shock protein 90,P07900,5j9x_ligand_24_520_dock.mol2,2.327902142,2.188768187,2.099669054,30.355,16.251,4.559,10.798,31.608,[H]OC1=C([H])C(O[H])=C(C2=NN([H])C(=O)N2C2=C([H])C([H])=C([H])C([H])=C2C([H])([H])[H])C([H])=C1C(=O)N(C([H])([H])[H])C([H])([H])C([H])([H])C([H])([H])[H],[H]OC1=C([H])C([H])=C(C([H])=O)C(O[H])=C1[H],[H]C1=NN([H])C(=O)N1C1=C([H])C([H])=C([H])C([H])=C1C([H])([H])[H],[H]N(C([H])([H])[H])C([H])([H])C([H])([H])C([H])([H])[H],base,v2,1,1
521,HSP90,heat shock protein 90,P07900,5j86_ligand_25_521_dock.mol2,2.958607315,1.800315441,3.595405278,28.163,15.326,1.972,22.852,40.15,[H]OC1=C([H])C(O[H])=C(C2=NN([H])C(=O)N2C2=C([H])C([H])=C([H])C([H])=C2C([H])([H])[H])C([H])=C1C(=O)N(C([H])([H])[H])C([H])([H])C1=C([H])C([H])=C([H])C([H])=C1[H],[H]C1=C([H])C([H])=C(C([H])([H])N([H])C([H])([H])[H])C([H])=C1[H],[H]C1=NN([H])C(=O)N1C1=C([H])C([H])=C([H])C([H])=C1C([H])([H])[H],[H]OC1=C([H])C([H])=C(C([H])=O)C(O[H])=C1[H],base,v2,1,1
522,HSP90,heat shock protein 90,P07900,5j9x_ligand_26_522_dock.mol2,2.0,1.612291552,2.326603513,27.102,7.921,6.076,18.907,32.904,[H]OC1=C([H])C(O[H])=C(C2=C([H])C([H])=NN2C2=C([H])C([H])=C([H])C([H])=C2C([H])([H])[H])C([H])=C1C(=O)N(C([H])([H])[H])C([H])([H])C([H])([H])C([H])([H])C([H])([H])C([H])([H])C([H])([H])[H],[H]N(C([H])([H])[H])C([H])([H])C([H])([H])C([H])([H])C([H])([H])C([H])([H])C([H])([H])[H],[H]C1=NN(C2=C([H])C([H])=C([H])C([H])=C2C([H])([H])[H])C([H])=C1[H],[H]OC1=C([H])C([H])=C(C([H])=O)C(O[H])=C1[H],base,v2,1,1
523,HSP90,heat shock protein 90,P07900,5j86_ligand_27_523_dock.mol2,2.920818754,2.587144908,3.450419373,32.603,6.853,12.847,19.622,39.322,[H]OC1=C([H])C(O[H])=C(C2=NN([H])C(=O)N2C2=C([H])C([H])=C([H])C([H])=C2C([H])([H])[H])C([H])=C1C(=O)N(C([H])([H])[H])C([H])([H])C1=C([H])C(C([H])([H])[H])=C([H])C([H])=C1[H],[H]C1=C([H])C(C([H])([H])N([H])C([H])([H])[H])=C([H])C(C([H])([H])[H])=C1[H],[H]C1=NN([H])C(=O)N1C1=C([H])C([H])=C([H])C([H])=C1C([H])([H])[H],[H]OC1=C([H])C([H])=C(C([H])=O)C(O[H])=C1[H],base,v2,1,1
524,HSP90,heat shock protein 90,P07900,5j86_ligand_28_524_dock.mol2,2.337242168,1.633557213,2.341662435,27.222,21.849,5.758,5.383,32.99,[H]OC1=C([H])C(O[H])=C(C2=NN([H])C(=O)N2C2=C([H])C([H])=C([H])C([H])=C2C([H])([H])[H])C([H])=C1C(=O)N(C([H])([H])[H])C([H])([H])C1=C([H])C([H])=C([H])O1,[H]C1=C([H])C([H])=C(C([H])([H])N([H])C([H])([H])[H])O1,[H]C1=NN([H])C(=O)N1C1=C([H])C([H])=C([H])C([H])=C1C([H])([H])[H],[H]OC1=C([H])C([H])=C(C([H])=O)C(O[H])=C1[H],base,v2,1,1
528,HSP90,heat shock protein 90,P07900,5j9x_ligand_29_528_dock.mol2,2.522878745,2.269577699,1.845943722,30.811,3.222,15.092,11.845,30.159,[H]OC1=C([H])C(O[H])=C(C2=NN([H])C(=O)N2C2=C([H])C([H])=C([H])C([H])=C2[H])C([H])=C1C(=O)N(C([H])([H])[H])C([H])([H])C([H])([H])C([H])([H])C([H])([H])[H],[H]C1=NN([H])C(=O)N1C1=C([H])C([H])=C([H])C([H])=C1[H],[H]N(C([H])([H])[H])C([H])([H])C([H])([H])C([H])([H])C([H])([H])[H],[H]OC1=C([H])C([H])=C(C([H])=O)C(O[H])=C1[H],base,v2,1,1
529,HSP90,heat shock protein 90,P07900,5j86_ligand_30_529_dock.mol2,3.468521083,2.427120807,2.95610149,31.7,0.082,3.371,33.046,36.499,[H]OC1=C([H])C(O[H])=C(C2=C([H])C([H])=NN2C2=C([H])C([H])=C([H])C([H])=C2C([H])([H])[H])C([H])=C1C(=O)N(C([H])([H])[H])C([H])([H])C1=C([H])C([H])=C([H])O1,[H]C1=C([H])C([H])=C(C([H])([H])N([H])C([H])([H])[H])O1,[H]C1=NN(C2=C([H])C([H])=C([H])C([H])=C2C([H])([H])[H])C([H])=C1[H],[H]OC1=C([H])C([H])=C(C([H])=O)C(O[H])=C1[H],base,v2,1,1
531,HSP90,heat shock protein 90,P07900,5j64_ligand_32_531_dock.mol2,0.920818754,-0.152758333,1.518149504,17.142,22.674,2.236,3.377,28.287,[H]OC1=C([H])C(O[H])=C(C2=NN([H])C(=O)N2C2=C([H])C([H])=C([H])C([H])=C2Cl)C([H])=C1[H],[H]OC1=C([H])C([H])=C([H])C(O[H])=C1[H],[H]C1=NN([H])C(=O)N1[H],[H]C1=C([H])C([H])=C(Cl)C([H])=C1[H],base,v2,1,1
532,HSP90,heat shock protein 90,P07900,5j64_ligand_33_532_dock.mol2,1.148741651,1.208243988,-0.105062249,24.822,7.771,1.175,10.071,19.017,[H]OC1=C([H])C(O[H])=C(C2=NN([H])C(=O)N2C2=C([H])C([H])=C([H])C([H])=C2C([H])([H])C([H])([H])[H])C([H])=C1[H],[H]OC1=C([H])C([H])=C([H])C(O[H])=C1[H],[H]C1=NN([H])C(=O)N1[H],[H]C1=C([H])C([H])=C(C([H])([H])C([H])([H])[H])C([H])=C1[H],base,v2,1,1
533,HSP90,heat shock protein 90,P07900,5j9x_ligand_34_533_dock.mol2,2.37675071,1.552393273,3.282319774,26.764,5.475,3.456,29.431,38.362,[H]OC1=C([H])C(O[H])=C(C2=NN([H])C(=O)N2C2=C([H])C([H])=C([H])C([H])=C2F)C([H])=C1C(=O)N(C([H])([H])[H])C([H])([H])C([H])([H])C([H])([H])[H],[H]C1=NN([H])C(=O)N1C1=C([H])C([H])=C([H])C([H])=C1F,[H]N(C([H])([H])[H])C([H])([H])C([H])([H])C([H])([H])[H],[H]OC1=C([H])C([H])=C(C([H])=O)C(O[H])=C1[H],base,v2,1,1
535,HSP90,heat shock protein 90,P07900,5lo6_ligand_native_535.mol2,2.8569852,3.117014301,3.389483269,35.593,25.745,5.675,7.554,38.974,[H]OC1=C(C(=O)N(C2=C([H])C([H])=C([C@]3([H])C([H])([H])C([H])([H])[N@@+]([H])(C([H])([H])[H])C([H])([H])C3([H])[H])C([H])=C2[H])C([H])([H])[H])/C([H])=C2/C(C([H])([H])C([H])([H])C(C([H])([H])[H])(C([H])([H])[H])C([H])([H])[H])=NN([H])/C2=C\1[H],[H]C1=C([H])C([H])=C([C@]2([H])C([H])([H])C([H])([H])[N@@+]([H])(C([H])([H])[H])C([H])([H])C2([H])[H])C([H])=C1[H],[H]OC1=C(C(=O)N([H])C([H])([H])[H])/C([H])=C2/C([H])=NN([H])/C2=C\1[H],[H]C([H])([H])C([H])([H])C(C([H])([H])[H])(C([H])([H])[H])C([H])([H])[H],base,v2,1,1
536,HSP90,heat shock protein 90,P07900,5lnz_ligand_native_536.mol2,2.696803943,3.071293129,3.035248385,35.335,18.355,11.149,7.447,36.951,[H]OC1=C(C(=O)N(C2=C([H])C([H])=C(N3C([H])([H])C([H])([H])OC([H])([H])C3([H])[H])C([H])=C2[H])C([H])([H])[H])/C([H])=C2/C(C(=O)N(C([H])([H])[H])C([H])([H])C([H])([H])C([H])([H])C([H])([H])[H])=NN([H])/C2=C\1[H],[H]C1=C([H])C(N2C([H])([H])C([H])([H])OC([H])([H])C2([H])[H])=C([H])C([H])=C1N([H])C([H])([H])[H],[H]OC1=C(C([H])=O)/C([H])=C2/C([H])=NN([H])/C2=C\1[H],[H]C(=O)N(C([H])([H])[H])C([H])([H])C([H])([H])C([H])([H])C([H])([H])[H],base,v2,1,1
539,HSP90,heat shock protein 90,P07900,6ey9_ligand_native_539.mol2,1.759450752,1.684594801,2.321700608,27.51,13.527,4.21,15.139,32.876,[H]OC1=C(C(=O)N(C([H])([H])[H])C([H])([H])C2=C([H])C([H])=C(Cl)C([H])=C2[H])/C([H])=C2/C(C([H])([H])C3=C([H])C([H])=C([H])C(C([H])([H])[H])=C3[H])=NN([H])/C2=C\1[H],[H]C(=O)N(C([H])([H])[H])C([H])([H])C1=C([H])C([H])=C(Cl)C([H])=C1[H],[H]OC1=C([H])/C([H])=C2/C([H])=NN([H])/C2=C\1[H],[H]C1=C([H])C(C([H])([H])[H])=C([H])C(C([H])([H])[H])=C1[H],base,v2,1,1
541,HSP90,heat shock protein 90,P07900,5oci_ligand_42_541_dock.mol2,2.298432015,0.333543922,1.560555779,19.886155,5.822055,15.905019,6.802104,28.529178,[H]OC1=C(C(=O)N(C2=C([H])C([H])=C(C([H])([H])[H])C([H])=C2[H])C([H])([H])[H])C([H])=C2C(C([H])([H])C3=C([H])C([H])=C([H])C(C([H])([H])[H])=C3[H])=NN([H])C2=C1[H],[H]C1=C([H])C(C([H])([H])[H])=C([H])C(C([H])([H])[H])=C1[H],[H]OC1=C([H])C([H])=C2C([H])=NN([H])C2=C1[H],[H]C(=O)N(C1=C([H])C([H])=C(C([H])([H])[H])C([H])=C1[H])C([H])([H])[H],base,v1,1,0
542,HSP90,heat shock protein 90,P07900,5oci_ligand_native_542.mol2,3.168130226,2.821067182,2.362149574,33.923,10.013,15.694,7.4,33.107,[H]OC1=C(C(=O)N(C2=C([H])C([H])=C(N3C([H])([H])C([H])([H])OC([H])([H])C3([H])[H])C([H])=C2[H])C([H])([H])[H])/C([H])=C2/C(C([H])([H])C3=C([H])C([H])=C([H])C(C([H])([H])[H])=C3[H])=NN([H])/C2=C\1[H],[H]C1=C([H])C(N2C([H])([H])C([H])([H])OC([H])([H])C2([H])[H])=C([H])C([H])=C1N([H])C([H])([H])[H],[H]OC1=C(C([H])=O)/C([H])=C2/C([H])=NN([H])/C2=C\1[H],[H]C1=C([H])C(C([H])([H])[H])=C([H])C(C([H])([H])[H])=C1[H],base,v2,1,2
544,HSP90,heat shock protein 90,P07900,5oci_ligand_45_544_dock.mol2,3.129596095,4.360523844,2.05606822,42.61,8.668,15.248,7.443,31.359,[H]OC1=C(C(=O)N(C2=C([H])C([H])=C(N3C([H])([H])C([H])([H])C([H])([H])C([H])([H])C3([H])[H])C([H])=C2[H])C([H])([H])[H])C([H])=C2C(C([H])([H])C3=C([H])C([H])=C([H])C(C([H])([H])[H])=C3[H])=NN([H])C2=C1[H],[H]C1=C([H])C(N2C([H])([H])C([H])([H])C([H])([H])C([H])([H])C2([H])[H])=C([H])C([H])=C1N([H])C([H])([H])[H],[H]OC1=C(C([H])=O)C([H])=C2C([H])=NN([H])C2=C1[H],[H]C1=C([H])C(C([H])([H])[H])=C([H])C(C([H])([H])[H])=C1[H],base,v2,1,2
547,HSP90,heat shock protein 90,P07900,5oci_ligand_48_547_dock.mol2,3.123782159,3.401974162,1.657006777,37.201,0.194,20.024,8.862,29.08,[H]OC1=C(C(=O)N(C2=C([H])C([H])=C(N3C([H])([H])C([H])([H])[N+]([H])(C([H])([H])[H])C([H])([H])C3([H])[H])C([H])=C2[H])C([H])([H])[H])C([H])=C2C(C([H])([H])C3=C([H])C([H])=C([H])C(C([H])([H])[H])=C3[H])=NN([H])C2=C1[H],[H]C1=C([H])C([H])=C(N2C([H])([H])C([H])([H])[N+]([H])(C([H])([H])[H])C([H])([H])C2([H])[H])C([H])=C1[H],[H]OC1=C(C(=O)N([H])C([H])([H])[H])C([H])=C2C([H])=NN([H])C2=C1[H],[H]C1=C([H])C(C([H])([H])[H])=C([H])C(C([H])([H])[H])=C1[H],base,v2,1,2
548,HSP90,heat shock protein 90,P07900,5odx_ligand_49_548_dock.mol2,2.860120914,3.161849404,4.066259259,35.846,8.557,13.105,21.177,42.839,[H]OC1=C(C(=O)N(C2=C([H])C([H])=C(N3C([H])([H])C([H])([H])OC([H])([H])C3([H])[H])C([H])=C2[H])C([H])([H])[H])C([H])=C2C(C(=O)N3C([H])([H])C([H])([H])[C@@]([H])(OC([H])([H])[H])C3([H])[H])=NN([H])C2=C1[H],[H]C(=O)N1C([H])([H])C([H])([H])[C@@]([H])(OC([H])([H])[H])C1([H])[H],[H]OC1=C(C([H])=O)C([H])=C2C([H])=NN([H])C2=C1[H],[H]C1=C([H])C(N2C([H])([H])C([H])([H])OC([H])([H])C2([H])[H])=C([H])C([H])=C1N([H])C([H])([H])[H],base,v2,1,1
549,HSP90,heat shock protein 90,P07900,5odx_ligand_native_549.mol2,3.53165267,3.039749065,3.808856748,35.157,6.37,15.672,19.327,41.369,[H]OC1=C(C(=O)N(C2=C([H])C([H])=C(N3C([H])([H])C([H])([H])OC([H])([H])C3([H])[H])C([H])=C2[H])C([H])([H])[H])/C([H])=C2/C(C(=O)N3C([H])([H])C([H])([H])C([H])([H])[C@]([H])(OC([H])([H])[H])C3([H])[H])=NN([H])/C2=C\1[H],[H]N1C([H])([H])C([H])([H])C([H])([H])[C@]([H])(OC([H])([H])[H])C1([H])[H],[H]OC1=C(C(=O)N([H])C([H])([H])[H])/C([H])=C2/C(C([H])=O)=NN([H])/C2=C\1[H],[H]C1=C([H])C([H])=C(N2C([H])([H])C([H])([H])OC([H])([H])C2([H])[H])C([H])=C1[H],base,v2,1,2
550,HSP90,heat shock protein 90,P07900,5nyh_ligand_native_550.mol2,2.614393726,2.736004537,2.167083997,33.443,17.809,5.984,8.2,31.993,[H]OC1=C(C(=O)N(C2=C([H])C([H])=C(N3C([H])([H])C([H])([H])OC([H])([H])C3([H])[H])C([H])=C2[H])C([H])([H])[H])/C([H])=C2/C(C(=O)N3C([H])([H])C([H])([H])C([H])([H])C3([H])[H])=NN([H])/C2=C\1[H],[H]C1=C([H])C(N2C([H])([H])C([H])([H])OC([H])([H])C2([H])[H])=C([H])C([H])=C1N([H])C([H])([H])[H],[H]C(=O)N1C([H])([H])C([H])([H])C([H])([H])C1([H])[H],[H]OC1=C(C([H])=O)/C([H])=C2/C([H])=NN([H])/C2=C\1[H],base,v2,1,1
551,HSP90,heat shock protein 90,P07900,5oci_ligand_52_551_dock.mol2,2.863279433,3.504935406,3.020189462,37.782,4.474,24.576,7.815,36.865,[H]OC1=C(C(=O)N(C2=C([H])C([H])=C(N3C(=O)C([H])([H])OC([H])([H])C3([H])[H])C([H])=C2[H])C([H])([H])[H])C([H])=C2C(C([H])([H])C3=C([H])C([H])=C([H])C(C([H])([H])[H])=C3[H])=NN([H])C2=C1[H],[H]C1=C([H])C(C([H])([H])[H])=C([H])C(C([H])([H])[H])=C1[H],[H]OC1=C(C(=O)N(C2=C([H])C([H])=C([H])C([H])=C2[H])C([H])([H])[H])C([H])=C2C([H])=NN([H])C2=C1[H],[H]N1C(=O)C([H])([H])OC([H])([H])C1([H])[H],base,v2,1,1
552,HSP90,heat shock protein 90,P07900,5oci_ligand_53_552_dock.mol2,1.49757288,1.4669762,0.609185943,26.282,7.064,8.035,7.997,23.096,[H]OC1=C(C(=O)N(C2=C([H])C([H])=C(F)C([H])=C2[H])C([H])([H])[H])C([H])=C2C(C([H])([H])C3=C([H])C([H])=C([H])C(C([H])([H])[H])=C3[H])=NN([H])C2=C1[H],[H]C1=C([H])C(C([H])([H])[H])=C([H])C(C([H])([H])[H])=C1[H],[H]OC1=C([H])C([H])=C2C([H])=NN([H])C2=C1[H],[H]C(=O)N(C1=C([H])C([H])=C(F)C([H])=C1[H])C([H])([H])[H],base,v2,1,1
553,HSP90,heat shock protein 90,P07900,5oci_ligand_54_553_dock.mol2,1.793174124,1.667936699,2.327128824,27.416,5.267,10.389,17.251,32.907,[H]OC1=C(C(=O)N(C2=C([H])C([H])=C([H])C(OC([H])([H])[H])=C2[H])C([H])([H])[H])C([H])=C2C(C([H])([H])C3=C([H])C([H])=C([H])C(C([H])([H])[H])=C3[H])=NN([H])C2=C1[H],[H]C1=C([H])C(C([H])([H])[H])=C([H])C(C([H])([H])[H])=C1[H],[H]OC1=C([H])C([H])=C2C([H])=NN([H])C2=C1[H],[H]C(=O)N(C1=C([H])C([H])=C([H])C(OC([H])([H])[H])=C1[H])C([H])([H])[H],base,v2,1,1
554,HSP90,heat shock protein 90,P07900,5oci_ligand_55_554_dock.mol2,2.113509275,2.666359496,1.225200932,33.05,6.588,14.971,5.055,26.614,[H]OC1=C(C(=O)N(C2=C([H])C([H])=C([H])C(C([H])([H])[H])=C2[H])C([H])([H])[H])C([H])=C2C(C([H])([H])C3=C([H])C([H])=C([H])C(C([H])([H])[H])=C3[H])=NN([H])C2=C1[H],[H]C1=C([H])C(C([H])([H])[H])=C([H])C(N([H])C([H])([H])[H])=C1[H],[H]OC1=C(C([H])=O)C([H])=C2C([H])=NN([H])C2=C1[H],[H]C1=C([H])C(C([H])([H])[H])=C([H])C(C([H])([H])[H])=C1[H],base,v2,1,1
555,HSP90,heat shock protein 90,P07900,5nyh_ligand_56_555_dock.mol2,1.879426069,2.541246522,1.753138735,32.344,8.432,7.212,13.985,29.629,[H]OC1=C([H])C2=NN([H])C(C(=O)N3C([H])([H])C([H])([H])OC([H])([H])C3([H])[H])=C2C([H])=C1C(=O)N(C1=C([H])C([H])=C(N2C([H])([H])C([H])([H])OC([H])([H])C2([H])[H])C([H])=C1[H])C([H])([H])[H],[H]C1=C([H])C([H])=C(N2C([H])([H])C([H])([H])OC([H])([H])C2([H])[H])C([H])=C1[H],[H]OC1=C([H])C2=NN([H])C([H])=C2C([H])=C1C(=O)N([H])C([H])([H])[H],[H]C(=O)N1C([H])([H])C([H])([H])OC([H])([H])C1([H])[H],base,v2,1,1
556,HSP90,heat shock protein 90,P07900,5nyh_ligand_57_556_dock.mol2,3.040958608,3.771996668,3.492969584,39.289,9.025,10.81,19.73,39.565,[H]OC1=C(C(=O)N(C2=C([H])C([H])=C(N3C([H])([H])C([H])([H])OC([H])([H])C3([H])[H])C([H])=C2[H])C([H])([H])[H])C([H])=C2C(C(=O)N3C([H])([H])C([H])([H])C([H])([H])C([H])([H])C3([H])[H])=NN([H])C2=C1[H],[H]C1=C([H])C([H])=C(N2C([H])([H])C([H])([H])OC([H])([H])C2([H])[H])C([H])=C1[H],[H]OC1=C(C(=O)N([H])C([H])([H])[H])C([H])=C2C(C([H])=O)=NN([H])C2=C1[H],[H]N1C([H])([H])C([H])([H])C([H])([H])C([H])([H])C1([H])[H],base,v2,1,2
557,HSP90,heat shock protein 90,P07900,6ei5_ligand_58_557_dock.mol2,0.256490235,0.360630172,-0.937505472,20.039,5.479,5.581,3.203,14.263,[H]OC1=C([H])C([H])=C2C(=C1[H])C([H])([H])N(C(=O)/C1=N/C(N([H])[H])=N\C3=C([H])C([H])=C([H])C([H])=C31)C2([H])[H],[H]OC1=C([H])C([H])=C([H])C([H])=C1[H],[H]C(=O)N(C([H])([H])[H])C([H])([H])[H],[H]C1=C([H])C([H])=C2C(=C1[H])/N=C(N([H])[H])\N=C/2[H],base,v2,1,1
558,HSP90,heat shock protein 90,P07900,6ei5_ligand_59_558_dock.mol2,0.241845378,0.201669354,0.596053161,19.142,3.842,5.213,13.966,23.021,[H]OC1=C([H])C([H])=C2/N=C(N([H])[H])\N=C(\C(=O)N3C([H])([H])C4=C([H])C([H])=C([H])C([H])=C4C3([H])[H])C2=C1[H],[H]C1=C([H])C([H])=C([H])C([H])=C1[H],[H]C(=O)N(C([H])([H])[H])C([H])([H])[H],[H]OC1=C([H])C([H])=C2/N=C(N([H])[H])\N=C(\[H])C2=C1[H],base,v2,1,1
559,HSP90,heat shock protein 90,P07900,5od7_ligand_native_559.mol2,3.623423043,3.845894841,3.588751335,39.706,3.739,6.399,29.974,40.112,[H]C1=C([H])C([H])=C(S(=O)(=O)N2C([H])([H])C([H])([H])[N+]([H])(C([H])([H])[H])C([H])([H])C2([H])[H])C(C2=C([H])/C([H])=C3\N=C(N([H])[H])N=C(C(=O)N4C([H])([H])C5=C([H])C([H])=C([H])C([H])=C5C4([H])[H])\C3=C\2[H])=C1[H],[H]N1C([H])([H])C([H])([H])[N+]([H])(C([H])([H])[H])C([H])([H])C1([H])[H],[H]C(=O)C1=NC(N([H])[H])=N/C2=C([H])\C([H])=C(C3=C([H])C([H])=C([H])C([H])=C3S([H])(=O)=O)/C([H])=C\12,[H]C1=C([H])C([H])=C2C(=C1[H])C([H])([H])N([H])C2([H])[H],base,v2,1,1
560,HSP90,heat shock protein 90,P07900,6ei5_ligand_61_560_dock.mol2,0.554395797,1.38811604,0.898107128,25.837,3.126,7.974,13.646,24.746,[H]C1=C([H])C([H])=C2C(=C1[H])C([H])([H])N(C(=O)/C1=N/C(N([H])[H])=N\C3=C([H])C([H])=C(C([H])([H])[H])C([H])=C31)C2([H])[H],[H]C1=C([H])C([H])=C([H])C([H])=C1[H],[H]C(=O)N(C([H])([H])[H])C([H])([H])[H],[H]C1=C2/N=C(N([H])[H])\N=C(\[H])C2=C([H])C(C([H])([H])[H])=C1[H],base,v2,1,1
651,ClpP1P2,caseinolytic protease complex ClpP1P2,Q2G036,6pka_ligand_native_651.mol2,2.187755303,,,30.341,8.079,3.088,9.003,20.17,[H]C1=C([H])C(C([H])([H])[H])=C([H])C([H])=C1N([H])C(=O)N([H])[C@]([H])(C(=O)N([H])[C@]1([H])C(=O)N2C([H])([H])C([H])([H])C([H])([H])[C@@]2([H])C(=O)N2C([H])([H])C([H])([H])C([H])([H])C([H])([H])[C@@]2([H])C(=O)N([H])[C@@]([H])(C([H])([H])[H])C(=O)N2C([H])([H])[C@]([H])(C([H])([H])[H])C([H])([H])[C@@]2([H])C(=O)OC1([H])[H])C([H])([H])C1=C([H])C(F)=C([H])C(F)=C1[H],[H]C1=C([H])C(F)=C([H])C(F)=C1[H],[H]C(=O)N([H])[C@]([H])(C(=O)N([H])[C@]1([H])C(=O)N2C([H])([H])C([H])([H])C([H])([H])[C@@]2([H])C(=O)N2C([H])([H])C([H])([H])C([H])([H])C([H])([H])[C@@]2([H])C(=O)N([H])[C@@]([H])(C([H])([H])[H])C(=O)N2C([H])([H])[C@]([H])(C([H])([H])[H])C([H])([H])[C@@]2([H])C(=O)OC1([H])[H])C([H])([H])[H],[H]C1=C([H])C(C([H])([H])[H])=C([H])C([H])=C1N([H])[H],base,v2,1,1
652,ClpP1P2,caseinolytic protease complex ClpP1P2,Q2G036,6pka_ligand_15_652_dock.mol2,0.441291429,,,20.746,3.649,9.859,1.061,14.569,[H]C1=C([H])C(C([H])([H])C(=O)N([H])[C@]([H])(C(=O)N([H])[C@]2([H])C(=O)N3C([H])([H])C([H])([H])C([H])([H])[C@@]3([H])C(=O)N3C([H])([H])C([H])([H])C([H])([H])C([H])([H])[C@@]3([H])C(=O)N([H])[C@@]([H])(C([H])([H])[H])C(=O)N3C([H])([H])[C@]([H])(C([H])([H])[H])C([H])([H])[C@@]3([H])C(=O)OC2([H])[H])C([H])([H])C2=C([H])C(F)=C([H])C(F)=C2[H])=C([H])C([H])=C1C([H])([H])[H],[H]C(=O)C([H])([H])C1=C([H])C([H])=C(C([H])([H])[H])C([H])=C1[H],[H]N([H])[C@]([H])(C(=O)N([H])[C@]1([H])C(=O)N2C([H])([H])C([H])([H])C([H])([H])[C@@]2([H])C(=O)N2C([H])([H])C([H])([H])C([H])([H])C([H])([H])[C@@]2([H])C(=O)N([H])[C@@]([H])(C([H])([H])[H])C(=O)N2C([H])([H])[C@]([H])(C([H])([H])[H])C([H])([H])[C@@]2([H])C(=O)OC1([H])[H])C([H])([H])[H],[H]C1=C([H])C(F)=C([H])C(F)=C1[H],base,v2,1,1
653,ClpP1P2,caseinolytic protease complex ClpP1P2,Q2G036,5w18_ligand_9_653_dock.mol2,1.974694135,,,32.625,1.373,8.569,10.199,20.141,[H]C1=C([H])C([H])=C(C([H])([H])[C@@]([H])(C(=O)N([H])[C@]2([H])C(=O)N3C([H])([H])C([H])([H])C([H])([H])[C@@]3([H])C(=O)N3C([H])([H])C([H])([H])C([H])([H])C([H])([H])[C@@]3([H])C(=O)N([H])[C@@]([H])(C([H])([H])[H])C(=O)N3C([H])([H])[C@]([H])(C([H])([H])[H])C([H])([H])[C@@]3([H])C(=O)OC2([H])[H])N([H])C(=O)N([H])C2=C([H])C([H])=C(C([H])([H])[H])C([H])=C2[H])C([H])=C1[H],[H]C(=O)N([H])C1=C([H])C([H])=C(C([H])([H])[H])C([H])=C1[H],[H]C(=O)[C@@]([H])(N([H])[H])C([H])([H])C1=C([H])C([H])=C([H])C([H])=C1[H],[H]N1C(=O)[C@@]2([H])N(C(=O)[C@@]3([H])N(C(=O)[C@@]([H])(N([H])[H])C([H])([H])OC(=O)[C@@]4([H])N(C(=O)[C@]1([H])C([H])([H])[H])C([H])([H])[C@]([H])(C([H])([H])[H])C4([H])[H])C([H])([H])C([H])([H])C3([H])[H])C([H])([H])C([H])([H])C([H])([H])C2([H])[H],base,v2,1,1
654,ClpP1P2,caseinolytic protease complex ClpP1P2,Q2G036,5w18_ligand_8_654_dock.mol2,-1.44870632,,,13.611,2.214,2.967,5.586,10.767,[H]C1=C([H])C([H])=C(C([H])([H])[C@@]([H])(C(=O)N([H])[C@]2([H])C(=O)N3C([H])([H])C([H])([H])C([H])([H])[C@@]3([H])C(=O)N3C([H])([H])C([H])([H])C([H])([H])C([H])([H])[C@@]3([H])C(=O)N([H])[C@@]([H])(C([H])([H])[H])C(=O)N3C([H])([H])[C@]([H])(C([H])([H])[H])C([H])([H])[C@@]3([H])C(=O)OC2([H])[H])N([H])C(=O)C([H])([H])C2=C([H])C([H])=C(C([H])([H])[H])C([H])=C2[H])C([H])=C1[H],[H]C(=O)C([H])([H])C1=C([H])C([H])=C(C([H])([H])[H])C([H])=C1[H],[H]C1=C([H])C([H])=C(C([H])([H])[C@@]([H])(C(=O)N([H])[H])N([H])[H])C([H])=C1[H],[H]N1C(=O)[C@@]2([H])N(C(=O)[C@@]3([H])N(C(=O)C([H])([H])C([H])([H])OC(=O)[C@@]4([H])N(C(=O)[C@]1([H])C([H])([H])[H])C([H])([H])[C@]([H])(C([H])([H])[H])C4([H])[H])C([H])([H])C([H])([H])C3([H])[H])C([H])([H])C([H])([H])C([H])([H])C2([H])[H],base,v2,1,1
749,HIV-1 protease,human immunodeficiency virus type 1 protease,P03366,1d4h_ligand_native_749.mol2,2.185086819,,,32.084,1.041,17.595,3.194,21.83,[H]O[C@]1([H])C([H])([H])C2=C([H])C([H])=C([H])C([H])=C2[C@]1([H])N([H])C(=O)[C@]([H])(OC([H])([H])C1=C([H])C([H])=C([H])C([H])=C1[H])[C@]([H])(O[H])[C@@]([H])(O[H])[C@@]([H])(OC([H])([H])C1=C([H])C([H])=C([H])C([H])=C1[H])C(=O)N([H])C([H])([H])C1=C([H])C([H])=C([H])C([H])=C1[H],[H]OC([H])([H])C1=C([H])C([H])=C([H])C([H])=C1[H],[H]O[C@@]([H])(C([H])([H])C(=O)N([H])C([H])([H])C1=C([H])C([H])=C([H])C([H])=C1[H])[C@@]([H])(O[H])[C@@]([H])(OC([H])([H])C1=C([H])C([H])=C([H])C([H])=C1[H])C([H])=O,[H]O[C@]1([H])C([H])([H])C2=C([H])C([H])=C([H])C([H])=C2[C@]1([H])N([H])[H],base,v2,1,1
750,HIV-1 protease,human immunodeficiency virus type 1 protease,P03366,1ec1_ligand_native_750.mol2,3.366531544,,,39.73,19.548,6.945,6.374,32.867,[H]O[C@@]([H])([C@@]([H])(OC([H])([H])C1=C([H])C([H])=C(C2=C([H])SC([H])=C2[H])C([H])=C1[H])C(=O)N([H])[C@]([H])(C(=O)N([H])C([H])([H])[H])C([H])(C([H])([H])[H])C([H])([H])[H])[C@@]([H])(O[H])[C@@]([H])(OC([H])([H])C1=C([H])C([H])=C(C2=C([H])SC([H])=C2[H])C([H])=C1[H])C(=O)N([H])[C@]([H])(C(=O)N([H])C([H])([H])[H])C([H])(C([H])([H])[H])C([H])([H])[H],[H]C1=C([H])C(C2=C([H])C([H])=C(C([H])([H])OC([H])([H])C(=O)N([H])[C@]([H])(C(=O)N([H])C([H])([H])[H])C([H])(C([H])([H])[H])C([H])([H])[H])C([H])=C2[H])=C([H])S1,[H]OC([H])([H])[C@@]([H])(O[H])C([H])([H])C(=O)N([H])[C@]([H])(C(=O)N([H])C([H])([H])[H])C([H])(C([H])([H])[H])C([H])([H])[H],[H]OC([H])([H])C1=C([H])C([H])=C(C2=C([H])SC([H])=C2[H])C([H])=C1[H],base,v2,1,1
751,HIV-1 protease,human immunodeficiency virus type 1 protease,P03366,1ec1_ligand_b440_751_dock.mol2,3.522878745,,,40.696,13.716,21.107,3.754,38.577,[H]O[C@@]([H])([C@@]([H])(OC([H])([H])C1=C([H])C([H])=C(C2=NC([H])=C([H])S2)C([H])=C1[H])C(=O)N([H])[C@]([H])(C(=O)N([H])C([H])([H])[H])C([H])(C([H])([H])[H])C([H])([H])[H])[C@@]([H])(O[H])[C@@]([H])(OC([H])([H])C1=C([H])C([H])=C(C2=NC([H])=C([H])S2)C([H])=C1[H])C(=O)N([H])[C@]([H])(C(=O)N([H])C([H])([H])[H])C([H])(C([H])([H])[H])C([H])([H])[H],[H]O[C@@]([H])(C([H])([H])[H])[C@@]([H])(O[H])[C@@]([H])(OC([H])([H])C1=C([H])C([H])=C(C2=NC([H])=C([H])S2)C([H])=C1[H])C(=O)N([H])[C@]([H])(C(=O)N([H])C([H])([H])[H])C([H])(C([H])([H])[H])C([H])([H])[H],[H]C(=O)N([H])[C@]([H])(C(=O)N([H])C([H])([H])[H])C([H])(C([H])([H])[H])C([H])([H])[H],[H]OC([H])([H])C1=C([H])C([H])=C(C2=NC([H])=C([H])S2)C([H])=C1[H],base,v2,1,1
752,HIV-1 protease,human immunodeficiency virus type 1 protease,P03366,1ec2_ligand_b429_752_dock.mol2,3.431798276,,,35.421,3.782,25.096,2.536,31.414,[H]O[C@@]([H])([C@@]([H])(OC([H])([H])C1=C([H])C([H])=C(C2=C([H])C([H])=C([H])C([H])=N2)C([H])=C1[H])C(=O)N([H])[C@]([H])(C(=O)N([H])C([H])([H])[H])C([H])(C([H])([H])[H])C([H])([H])[H])[C@@]([H])(O[H])[C@@]([H])(OC([H])([H])C1=C([H])C([H])=C(C2=C([H])C([H])=C([H])C([H])=N2)C([H])=C1[H])C(=O)N([H])[C@]([H])(C(=O)N([H])C([H])([H])[H])C([H])(C([H])([H])[H])C([H])([H])[H],[H]OC([H])([H])C1=C([H])C([H])=C(C2=C([H])C([H])=C([H])C([H])=N2)C([H])=C1[H],[H]O[C@@]([H])(C([H])([H])C(=O)N([H])[C@]([H])(C(=O)N([H])C([H])([H])[H])C([H])(C([H])([H])[H])C([H])([H])[H])[C@@]([H])(O[H])[C@@]([H])(OC([H])([H])C1=C([H])C([H])=C(C2=C([H])C([H])=C([H])C([H])=N2)C([H])=C1[H])C([H])=O,[H]N(C(=O)[C@@]([H])(N([H])[H])C([H])(C([H])([H])[H])C([H])([H])[H])C([H])([H])[H],base,v2,1,1
755,HIV-1 protease,human immunodeficiency virus type 1 protease,P03366,1ec2_ligand_b439_755_dock.mol2,2.787812396,,,34.797,2.885,28.771,2.565,34.221,[H]O[C@@]([H])([C@@]([H])(OC([H])([H])C1=C([H])C([H])=C(C([H])([H])C2=C([H])C([H])=C([H])C([H])=C2[H])C([H])=C1[H])C(=O)N([H])[C@]([H])(C(=O)N([H])C([H])([H])[H])C([H])(C([H])([H])[H])C([H])([H])[H])[C@@]([H])(O[H])[C@@]([H])(OC([H])([H])C1=C([H])C([H])=C(C([H])([H])C2=C([H])C([H])=C([H])C([H])=C2[H])C([H])=C1[H])C(=O)N([H])[C@]([H])(C(=O)N([H])C([H])([H])[H])C([H])(C([H])([H])[H])C([H])([H])[H],[H]N(C(=O)[C@@]([H])(N([H])[H])C([H])(C([H])([H])[H])C([H])([H])[H])C([H])([H])[H],[H]O[C@@]([H])([C@@]([H])(OC([H])([H])C1=C([H])C([H])=C(C([H])([H])C2=C([H])C([H])=C([H])C([H])=C2[H])C([H])=C1[H])C([H])=O)[C@@]([H])(O[H])[C@@]([H])(OC([H])([H])C1=C([H])C([H])=C(C([H])([H])C2=C([H])C([H])=C([H])C([H])=C2[H])C([H])=C1[H])C([H])=O,[H]N(C(=O)[C@@]([H])(N([H])[H])C([H])(C([H])([H])[H])C([H])([H])[H])C([H])([H])[H],base,v2,1,1
756,HIV-1 protease,human immunodeficiency virus type 1 protease,P03366,1ec2_ligand_a038_756_dock.mol2,3.30980392,,,38.66,2.812,25.016,2.754,30.582,[H]OC1=C(C2=C([H])C([H])=C(C([H])([H])O[C@@]([H])(C(=O)N([H])[C@]([H])(C(=O)N([H])C([H])([H])[H])C([H])(C([H])([H])[H])C([H])([H])[H])[C@]([H])(O[H])[C@@]([H])(O[H])[C@@]([H])(OC([H])([H])C3=C([H])C([H])=C(C4=C(O[H])C(=O)C([H])([H])C([H])([H])C4([H])[H])C([H])=C3[H])C(=O)N([H])[C@]([H])(C(=O)N([H])C([H])([H])[H])C([H])(C([H])([H])[H])C([H])([H])[H])C([H])=C2[H])C([H])([H])C([H])([H])C([H])([H])C1=O,[H]OC1=C(C2=C([H])C([H])=C(C([H])([H])[H])C([H])=C2[H])C([H])([H])C([H])([H])C([H])([H])C1=O,[H]OC1=C(C2=C([H])C([H])=C(C([H])([H])O[C@@]([H])(C([H])=O)[C@]([H])(O[H])[C@@]([H])(O[H])[C@@]([H])(O[H])C(=O)N([H])[C@]([H])(C(=O)N([H])C([H])([H])[H])C([H])(C([H])([H])[H])C([H])([H])[H])C([H])=C2[H])C([H])([H])C([H])([H])C([H])([H])C1=O,[H]N(C(=O)[C@@]([H])(N([H])[H])C([H])(C([H])([H])[H])C([H])([H])[H])C([H])([H])[H],base,v2,1,1
757,HIV-1 protease,human immunodeficiency virus type 1 protease,P03366,1ebw_ligand_b268_757_dock.mol2,2.435333936,,,29.372,6.491,2.337,21.705,30.533,[H]O[C@@]([H])([C@@]([H])(OC([H])([H])C1=C([H])C([H])=C([H])C([H])=C1[H])C(=O)N([H])[C@]([H])(C(=O)N([H])C([H])([H])[H])C([H])(C([H])([H])[H])C([H])([H])[H])[C@@]([H])(O[H])[C@@]([H])(OC([H])([H])C1=C([H])C([H])=C([H])C([H])=C1[H])C(=O)N([H])[C@]([H])(C(=O)N([H])C([H])([H])[H])C([H])(C([H])([H])[H])C([H])([H])[H],[H]N(C(=O)[C@@]([H])(N([H])[H])C([H])(C([H])([H])[H])C([H])([H])[H])C([H])([H])[H],[H]OC([H])([H])C1=C([H])C([H])=C([H])C([H])=C1[H],[H]O[C@@]([H])(C([H])([H])C(=O)N([H])[C@]([H])(C(=O)N([H])C([H])([H])[H])C([H])(C([H])([H])[H])C([H])([H])[H])[C@@]([H])(O[H])[C@@]([H])(OC([H])([H])C1=C([H])C([H])=C([H])C([H])=C1[H])C([H])=O,base,v2,1,1
758,HIV-1 protease,human immunodeficiency virus type 1 protease,P03366,1ebw_ligand_b277_758_dock.mol2,2.314258261,,,30.234,30.047,2.744,3.104,35.895,[H]O[C@@]([H])([C@@]([H])(OC([H])([H])C([H])([H])C([H])([H])[H])C(=O)N([H])[C@]([H])(C(=O)N([H])C([H])([H])[H])C([H])(C([H])([H])[H])C([H])([H])[H])[C@@]([H])(O[H])[C@@]([H])(OC([H])([H])C([H])([H])C([H])([H])[H])C(=O)N([H])[C@]([H])(C(=O)N([H])C([H])([H])[H])C([H])(C([H])([H])[H])C([H])([H])[H],[H]O[C@@]([H])([C@@]([H])(OC([H])([H])C([H])([H])C([H])([H])[H])C([H])=O)[C@@]([H])(O[H])[C@@]([H])(OC([H])([H])C([H])([H])C([H])([H])[H])C([H])=O,[H]N(C(=O)[C@@]([H])(N([H])[H])C([H])(C([H])([H])[H])C([H])([H])[H])C([H])([H])[H],[H]N(C(=O)[C@@]([H])(N([H])[H])C([H])(C([H])([H])[H])C([H])([H])[H])C([H])([H])[H],base,v2,1,1
759,HIV-1 protease,human immunodeficiency virus type 1 protease,P03366,1ebw_ligand_b408_759_dock.mol2,2.772113295,,,36.498,20.864,5.973,4.774,31.611,[H]O[C@@]([H])([C@@]([H])(OC([H])([H])C1=C([H])C([H])=C(Br)C([H])=C1[H])C(=O)N([H])[C@]([H])(C(=O)N([H])C([H])([H])[H])C([H])(C([H])([H])[H])C([H])([H])[H])[C@@]([H])(O[H])[C@@]([H])(OC([H])([H])C1=C([H])C([H])=C(Br)C([H])=C1[H])C(=O)N([H])[C@]([H])(C(=O)N([H])C([H])([H])[H])C([H])(C([H])([H])[H])C([H])([H])[H],[H]O[C@@]([H])([C@@]([H])(OC([H])([H])C1=C([H])C([H])=C(Br)C([H])=C1[H])C([H])=O)[C@@]([H])(O[H])[C@@]([H])(OC([H])([H])C1=C([H])C([H])=C(Br)C([H])=C1[H])C([H])=O,[H]N(C(=O)[C@@]([H])(N([H])[H])C([H])(C([H])([H])[H])C([H])([H])[H])C([H])([H])[H],[H]N(C(=O)[C@@]([H])(N([H])[H])C([H])(C([H])([H])[H])C([H])([H])[H])C([H])([H])[H],base,v2,1,1
760,HIV-1 protease,human immunodeficiency virus type 1 protease,P03366,1ebw_ligand_a017_760_dock.mol2,0.747146969,,,15.887,2.398,9.473,14.81,26.681,[H]O[C@@]([H])(C([H])([H])[H])[C@@]([H])(C(=O)[O-])N(C(=O)[C@]([H])(OC([H])([H])C1=C([H])C([H])=C([H])C([H])=C1[H])[C@]([H])(O[H])[C@@]([H])(O[H])[C@@]([H])(OC([H])([H])C1=C([H])C([H])=C([H])C([H])=C1[H])C(=O)N(C([H])([H])[H])[C@]([H])(C(=O)[O-])[C@@]([H])(O[H])C([H])([H])[H])C([H])([H])[H],[H]O[C@@]([H])(C([H])([H])[H])C([H])([H])C(=O)[O-],[H]O[C@@]([H])(C([H])([H])[H])[C@@]([H])(C(=O)[O-])N(C(=O)[C@]([H])(OC([H])([H])C1=C([H])C([H])=C([H])C([H])=C1[H])[C@]([H])(O[H])[C@@]([H])(O[H])C([H])([H])C(=O)N([H])C([H])([H])[H])C([H])([H])[H],[H]OC([H])([H])C1=C([H])C([H])=C([H])C([H])=C1[H],base,v2,1,1
761,HIV-1 protease,human immunodeficiency virus type 1 protease,P03366,1ebw_ligand_a016_761_dock.mol2,1.218244625,,,22.963,0.561,18.476,0.259,19.296,[H]OC1=C([H])C([H])=C(C([H])([H])[C@@]([H])(C(=O)[O-])N(C(=O)[C@]([H])(OC([H])([H])C2=C([H])C([H])=C([H])C([H])=C2[H])[C@]([H])(O[H])[C@@]([H])(O[H])[C@@]([H])(OC([H])([H])C2=C([H])C([H])=C([H])C([H])=C2[H])C(=O)N(C([H])([H])[H])[C@]([H])(C(=O)[O-])C([H])([H])C2=C([H])C([H])=C(O[H])C([H])=C2[H])C([H])([H])[H])C([H])=C1[H],[H]OC1=C([H])C([H])=C(C([H])([H])[C@@]([H])(C(=O)[O-])N([H])C([H])([H])[H])C([H])=C1[H],[H]O[C@@]([H])([C@@]([H])(OC([H])([H])C1=C([H])C([H])=C([H])C([H])=C1[H])C([H])=O)[C@@]([H])(O[H])[C@@]([H])(OC([H])([H])C1=C([H])C([H])=C([H])C([H])=C1[H])C(=O)N(C([H])([H])[H])[C@]([H])(C(=O)[O-])C([H])([H])[H],[H]OC1=C([H])C([H])=C([H])C([H])=C1[H],base,v2,1,1
762,HIV-1 protease,human immunodeficiency virus type 1 protease,P03366,1ebw_ligand_a015_762_dock.mol2,0.027797162,,,16.813,1.194,8.995,4.278,14.467,[H]O[C@@]([H])([C@@]([H])(OC([H])([H])C1=C([H])C([H])=C([H])C([H])=C1[H])C(=O)N(C([H])([H])[H])[C@]([H])(C(=O)[O-])C([H])([H])C1=C([H])C([H])=C([H])C([H])=C1[H])[C@@]([H])(O[H])[C@@]([H])(OC([H])([H])C1=C([H])C([H])=C([H])C([H])=C1[H])C(=O)N(C([H])([H])[H])[C@]([H])(C(=O)[O-])C([H])([H])C1=C([H])C([H])=C([H])C([H])=C1[H],[H]C1=C([H])C([H])=C(C([H])([H])[C@@]([H])(C(=O)[O-])N([H])C([H])([H])[H])C([H])=C1[H],[H]O[C@@]([H])(C([H])([H])C([H])=O)[C@@]([H])(O[H])[C@@]([H])(OC([H])([H])C1=C([H])C([H])=C([H])C([H])=C1[H])C(=O)N(C([H])([H])[H])[C@]([H])(C(=O)[O-])C([H])([H])C1=C([H])C([H])=C([H])C([H])=C1[H],[H]OC([H])([H])C1=C([H])C([H])=C([H])C([H])=C1[H],base,v2,1,1
763,HIV-1 protease,human immunodeficiency virus type 1 protease,P03366,1ebw_ligand_b376_763_dock.mol2,-1.136720567,,,15.874,1.956,7.819,3.16,12.935,[H]O[C@@]([H])([C@@]([H])(OC([H])([H])C1=C([H])C([H])=C([H])C([H])=C1[H])C(=O)N([H])[C@]([H])(C(=O)N([H])C([H])([H])[H])C1=C([H])C([H])=C([H])C([H])=C1[H])[C@@]([H])(O[H])[C@@]([H])(OC([H])([H])C1=C([H])C([H])=C([H])C([H])=C1[H])C(=O)N([H])[C@]([H])(C(=O)N([H])C([H])([H])[H])C1=C([H])C([H])=C([H])C([H])=C1[H],[H]OC([H])([H])C1=C([H])C([H])=C([H])C([H])=C1[H],[H]O[C@@]([H])(C([H])([H])C(=O)N([H])[C@]([H])(C(=O)N([H])C([H])([H])[H])C1=C([H])C([H])=C([H])C([H])=C1[H])[C@@]([H])(O[H])[C@@]([H])(OC([H])([H])C1=C([H])C([H])=C([H])C([H])=C1[H])C([H])=O,[H]C1=C([H])C([H])=C([C@@]([H])(C(=O)N([H])C([H])([H])[H])N([H])[H])C([H])=C1[H],base,v2,1,1
764,HIV-1 protease,human immunodeficiency virus type 1 protease,P03366,1ebw_ligand_a018_764_dock.mol2,0.324221658,,,20.959,1.875,10.698,2.801,15.374,[H]O[C@@]([H])([C@@]([H])(OC([H])([H])C1=C([H])C([H])=C([H])C([H])=C1[H])C(=O)N(C([H])([H])[H])[C@]([H])(C(=O)[O-])C([H])([H])C([H])([H])SC([H])([H])[H])[C@@]([H])(O[H])[C@@]([H])(OC([H])([H])C1=C([H])C([H])=C([H])C([H])=C1[H])C(=O)N(C([H])([H])[H])[C@]([H])(C(=O)[O-])C([H])([H])C([H])([H])SC([H])([H])[H],[H]OC([H])([H])C1=C([H])C([H])=C([H])C([H])=C1[H],[H]O[C@@]([H])(C([H])([H])C(=O)N(C([H])([H])[H])[C@]([H])(C(=O)[O-])C([H])([H])C([H])([H])SC([H])([H])[H])[C@@]([H])(O[H])[C@@]([H])(OC([H])([H])C1=C([H])C([H])=C([H])C([H])=C1[H])C(=O)N([H])C([H])([H])[H],[H]C([H])([H])SC([H])([H])C([H])([H])C([H])([H])C(=O)[O-],base,v2,1,1
765,HIV-1 protease,human immunodeficiency virus type 1 protease,P03366,1ebw_ligand_b322_765_dock.mol2,1.169411331,,,27.698,10.662,2.605,4.287,17.554,[H]OC(=O)[C@@]([H])(N(C(=O)[C@]([H])(OC([H])([H])C1=C([H])C([H])=C([H])C([H])=C1[H])[C@]([H])(O[H])[C@@]([H])(O[H])[C@@]([H])(OC([H])([H])C1=C([H])C([H])=C([H])C([H])=C1[H])C(=O)N(C([H])([H])[H])[C@]([H])(C(=O)O[H])[C@]([H])(C([H])([H])[H])C([H])([H])C([H])([H])[H])C([H])([H])[H])[C@]([H])(C([H])([H])[H])C([H])([H])C([H])([H])[H],[H]O[C@@]([H])([C@@]([H])(OC([H])([H])C1=C([H])C([H])=C([H])C([H])=C1[H])C([H])=O)[C@@]([H])(O[H])[C@@]([H])(OC([H])([H])C1=C([H])C([H])=C([H])C([H])=C1[H])C([H])=O,[H]OC(=O)[C@@]([H])(N([H])C([H])([H])[H])[C@]([H])(C([H])([H])[H])C([H])([H])C([H])([H])[H],[H]OC(=O)[C@@]([H])(N([H])C([H])([H])[H])[C@]([H])(C([H])([H])[H])C([H])([H])C([H])([H])[H],base,v2,1,1
766,HIV-1 protease,human immunodeficiency virus type 1 protease,P03366,1ebw_ligand_b365_766_dock.mol2,1.510041521,,,27.646,15.001,2.962,3.988,21.951,[H]OC(=O)[C@@]([H])(N(C(=O)[C@]([H])(OC([H])([H])C1=C([H])C([H])=C([H])C([H])=C1[H])C([H])([H])[C@@]([H])(O[H])[C@@]([H])(OC([H])([H])C1=C([H])C([H])=C([H])C([H])=C1[H])C(=O)N(C([H])([H])[H])[C@]([H])(C(=O)O[H])C([H])(C([H])([H])[H])C([H])([H])[H])C([H])([H])[H])C([H])(C([H])([H])[H])C([H])([H])[H],[H]O[C@]([H])(C([H])([H])[C@@]([H])(OC([H])([H])C1=C([H])C([H])=C([H])C([H])=C1[H])C([H])=O)[C@@]([H])(OC([H])([H])C1=C([H])C([H])=C([H])C([H])=C1[H])C([H])=O,[H]OC(=O)[C@@]([H])(N([H])C([H])([H])[H])C([H])(C([H])([H])[H])C([H])([H])[H],[H]OC(=O)[C@@]([H])(N([H])C([H])([H])[H])C([H])(C([H])([H])[H])C([H])([H])[H],base,v2,1,1
767,HIV-1 protease,human immunodeficiency virus type 1 protease,P03366,1ebw_ligand_b347_767_dock.mol2,1.568636236,,,23.791,16.382,10.027,5.165,31.574,[H]OC(=O)[C@@]([H])(N(C(=O)[C@]([H])(OC([H])([H])C1=C([H])C([H])=C([H])C([H])=C1[H])[C@@]([H])(O[H])[C@]([H])(O[H])[C@@]([H])(OC([H])([H])C1=C([H])C([H])=C([H])C([H])=C1[H])C(=O)N(C([H])([H])[H])[C@]([H])(C(=O)O[H])C([H])(C([H])([H])[H])C([H])([H])[H])C([H])([H])[H])C([H])(C([H])([H])[H])C([H])([H])[H],[H]O[C@@]([H])([C@]([H])(O[H])[C@@]([H])(OC([H])([H])C1=C([H])C([H])=C([H])C([H])=C1[H])C([H])=O)[C@@]([H])(OC([H])([H])C1=C([H])C([H])=C([H])C([H])=C1[H])C([H])=O,[H]OC(=O)[C@@]([H])(N([H])C([H])([H])[H])C([H])(C([H])([H])[H])C([H])([H])[H],[H]OC(=O)[C@@]([H])(N([H])C([H])([H])[H])C([H])(C([H])([H])[H])C([H])([H])[H],base,v2,1,1
768,HIV-1 protease,human immunodeficiency virus type 1 protease,P03366,1ebw_ligand_b249_768_dock.mol2,0.563837353,,,19.201,9.97,2.652,6.003,18.625,[H]O[C@@]([H])([C@@]([H])(OC([H])([H])C1=C([H])C([H])=C([H])C([H])=C1[H])C(=O)N([H])[C@]([H])(C(=O)OC([H])([H])[H])C([H])(C([H])([H])[H])C([H])([H])[H])[C@@]([H])(O[H])[C@@]([H])(OC([H])([H])C1=C([H])C([H])=C([H])C([H])=C1[H])C(=O)N([H])[C@]([H])(C(=O)OC([H])([H])[H])C([H])(C([H])([H])[H])C([H])([H])[H],[H]O[C@@]([H])([C@@]([H])(OC([H])([H])C1=C([H])C([H])=C([H])C([H])=C1[H])C([H])=O)[C@@]([H])(O[H])[C@@]([H])(OC([H])([H])C1=C([H])C([H])=C([H])C([H])=C1[H])C([H])=O,[H]N([H])[C@]([H])(C(=O)OC([H])([H])[H])C([H])(C([H])([H])[H])C([H])([H])[H],[H]N([H])[C@]([H])(C(=O)OC([H])([H])[H])C([H])(C([H])([H])[H])C([H])([H])[H],base,v2,1,1
769,HIV-1 protease,human immunodeficiency virus type 1 protease,P03366,1eby_ligand_native_769.mol2,1.876148359,,,32.505,1.83,12.216,5.49,19.536,[H]O[C@]1([H])C([H])([H])C2=C([H])C([H])=C([H])C([H])=C2[C@]1([H])N([H])C(=O)[C@]([H])(OC([H])([H])C1=C([H])C([H])=C([H])C([H])=C1[H])[C@]([H])(O[H])[C@@]([H])(O[H])[C@@]([H])(OC([H])([H])C1=C([H])C([H])=C([H])C([H])=C1[H])C(=O)N([H])[C@@]1([H])C2=C([H])C([H])=C([H])C([H])=C2C([H])([H])[C@@]1([H])O[H],[H]C1=C([H])C([H])=C(C([H])([H])[H])C([H])=C1[H],[H]O[C@]1([H])C([H])([H])C2=C([H])C([H])=C([H])C([H])=C2[C@]1([H])N([H])C(=O)[C@]([H])(OC([H])([H])C1=C([H])C([H])=C([H])C([H])=C1[H])[C@]([H])(O[H])[C@@]([H])(O[H])[C@@]([H])(O[H])C([H])=O,[H]O[C@]1([H])C([H])([H])C2=C([H])C([H])=C([H])C([H])=C2[C@]1([H])N([H])[H],base,v2,1,1
770,HIV-1 protease,human immunodeficiency virus type 1 protease,P03366,1eby_ligand_b388_770_dock.mol2,1.643974143,,,28.504,13.972,5.083,5.94,24.995,[H]OC(=O)[C@@]([H])(N(C(=O)[C@]([H])(OC([H])([H])C1=C([H])C([H])=C([H])C([H])=C1[H])[C@]([H])(O[H])[C@@]([H])(O[H])[C@@]([H])(OC([H])([H])C1=C([H])C([H])=C([H])C([H])=C1[H])C(=O)N([H])[C@@]1([H])C2=C([H])C([H])=C([H])C([H])=C2C([H])([H])[C@@]1([H])O[H])C([H])([H])[H])C([H])(C([H])([H])[H])C([H])([H])[H],[H]O[C@@]([H])([C@@]([H])(OC([H])([H])C1=C([H])C([H])=C([H])C([H])=C1[H])C([H])=O)[C@@]([H])(O[H])[C@@]([H])(OC([H])([H])C1=C([H])C([H])=C([H])C([H])=C1[H])C([H])=O,[H]OC(=O)[C@@]([H])(N([H])C([H])([H])[H])C([H])(C([H])([H])[H])C([H])([H])[H],[H]O[C@]1([H])C([H])([H])C2=C(C([H])=C([H])C([H])=C2[H])[C@]1([H])N([H])[H],base,v2,1,1
771,HIV-1 protease,human immunodeficiency virus type 1 protease,P03366,1d4i_ligand_native_771.mol2,0.630784143,,,23.768,2.598,11.414,3.511,17.523,[H]O[C@]1([H])C([H])([H])C2=C([H])C([H])=C([H])C([H])=C2[C@]1([H])N([H])C(=O)[C@]([H])(OC([H])([H])C1=C([H])C([H])=C([H])C([H])=C1[H])C([H])([H])[C@@]([H])(O[H])[C@@]([H])(OC([H])([H])C1=C([H])C([H])=C([H])C([H])=C1[H])C(=O)N([H])[C@@]1([H])C2=C([H])C([H])=C([H])C([H])=C2C([H])([H])[C@@]1([H])O[H],[H]O[C@]1([H])C([H])([H])C2=C([H])C([H])=C([H])C([H])=C2[C@]1([H])N([H])[H],[H]O[C@]1([H])C([H])([H])C2=C([H])C([H])=C([H])C([H])=C2[C@]1([H])N([H])C(=O)[C@]([H])(OC([H])([H])C1=C([H])C([H])=C([H])C([H])=C1[H])[C@]([H])(O[H])C([H])([H])C([H])([H])C([H])=O,[H]OC([H])([H])C1=C([H])C([H])=C([H])C([H])=C1[H],base,v2,1,1
773,HIV-1 protease,human immunodeficiency virus type 1 protease,P03366,1g2k_ligand_native_773.mol2,1.156767222,,,29.976,2.486,19.549,2.683,24.718,[H]O[C@]1([H])[C@@]([H])(O[H])[C@@]([H])(C([H])([H])OC2=C([H])C([H])=C([H])C([H])=C2[H])N(C([H])([H])C2=C([H])C(C(=O)N([H])C([H])([H])[H])=C([H])C([H])=C2[H])S(=O)(=O)N(C([H])([H])C2=C([H])C([H])=C([H])C([H])=C2[H])[C@]1([H])C([H])([H])OC1=C([H])C([H])=C([H])C([H])=C1[H],[H]C1=C([H])C([H])=C(OC([H])([H])[H])C([H])=C1[H],[H]O[C@@]1([H])C([H])([H])N(C([H])([H])C2=C([H])C([H])=C([H])C([H])=C2[H])S(=O)(=O)N(C([H])([H])C2=C([H])C(C(=O)N([H])C([H])([H])[H])=C([H])C([H])=C2[H])C([H])([H])[C@]1([H])O[H],[H]C1=C([H])C([H])=C(OC([H])([H])[H])C([H])=C1[H],base,v2,1,1
774,HIV-1 protease,human immunodeficiency virus type 1 protease,P03366,1g2k_ligand_a045_774_dock.mol2,0.580044252,,,18.518,-0.032,16.022,1.462,17.452,[H]O[C@]1([H])[C@@]([H])(O[H])[C@@]([H])(C([H])([H])OC2=C([H])C([H])=C([H])C([H])=C2[H])N(C([H])([H])C2=C([H])C(C(=O)N([H])C([H])([H])[H])=C([H])C([H])=C2[H])S(=O)(=O)N(C([H])([H])C2=C([H])C([H])=C([H])C(C(=O)N([H])C([H])([H])[H])=C2[H])[C@]1([H])C([H])([H])OC1=C([H])C([H])=C([H])C([H])=C1[H],[H]C1=C([H])C([H])=C(OC([H])([H])[H])C([H])=C1[H],[H]O[C@@]1([H])C([H])([H])N(C([H])([H])C2=C([H])C([H])=C([H])C(C(=O)N([H])C([H])([H])[H])=C2[H])S(=O)(=O)N(C([H])([H])C2=C([H])C(C(=O)N([H])C([H])([H])[H])=C([H])C([H])=C2[H])C([H])([H])[C@]1([H])O[H],[H]C1=C([H])C([H])=C(OC([H])([H])[H])C([H])=C1[H],base,v2,1,1
775,HIV-1 protease,human immunodeficiency virus type 1 protease,P03366,1g35_ligand_native_775.mol2,1.164309429,,,28.38,1.188,13.739,5.712,20.639,[H]OC([H])([H])C1=C([H])C([H])=C(C([H])([H])N2[C@]([H])(C([H])([H])OC3=C([H])C([H])=C([H])C([H])=C3[H])[C@]([H])(O[H])[C@@]([H])(O[H])[C@@]([H])(C([H])([H])OC3=C([H])C([H])=C([H])C([H])=C3[H])N(C([H])([H])C3=C([H])C([H])=C(C(=O)OC([H])([H])[H])C([H])=C3[H])S2(=O)=O)C([H])=C1[H],[H]C1=C([H])C([H])=C(OC([H])([H])[H])C([H])=C1[H],[H]OC([H])([H])C1=C([H])C([H])=C(C([H])([H])N2C([H])([H])[C@]([H])(O[H])[C@@]([H])(O[H])C([H])([H])N(C([H])([H])C3=C([H])C([H])=C(C(=O)OC([H])([H])[H])C([H])=C3[H])S2(=O)=O)C([H])=C1[H],[H]C1=C([H])C([H])=C(OC([H])([H])[H])C([H])=C1[H],base,v2,1,1
777,HIV-1 protease,human immunodeficiency virus type 1 protease,P03366,1g35_ligand_a021_777_dock.mol2,1.563837353,,,29.425,2.283,22.463,2.248,26.994,[H]OC([H])([H])C1=C([H])C([H])=C(C([H])([H])N2[C@]([H])(C([H])([H])OC3=C([H])C([H])=C([H])C([H])=C3[H])[C@]([H])(O[H])[C@@]([H])(O[H])[C@@]([H])(C([H])([H])OC3=C([H])C([H])=C([H])C([H])=C3[H])N(C([H])([H])C3=C([H])C([H])=C(C([H])([H])O[H])C([H])=C3[H])S2(=O)=O)C([H])=C1[H],[H]OC([H])([H])C1=C([H])C([H])=C(C([H])([H])[H])C([H])=C1[H],[H]OC([H])([H])C1=C([H])C([H])=C(C([H])([H])N2C([H])([H])[C@]([H])(O[H])[C@@]([H])(O[H])[C@@]([H])(C([H])([H])OC3=C([H])C([H])=C([H])C([H])=C3[H])N([H])S2(=O)=O)C([H])=C1[H],[H]C1=C([H])C([H])=C(OC([H])([H])[H])C([H])=C1[H],base,v2,1,1
778,HIV-1 protease,human immunodeficiency virus type 1 protease,P03366,1g35_ligand_a030_778_dock.mol2,1.37675071,,,25.333,7.634,12.831,2.521,22.986,[H]O/N=C(/C1=C([H])C([H])=C(C([H])([H])N2[C@]([H])(C([H])([H])OC3=C([H])C([H])=C([H])C([H])=C3[H])[C@]([H])(O[H])[C@@]([H])(O[H])[C@@]([H])(C([H])([H])OC3=C([H])C([H])=C([H])C([H])=C3[H])N(C([H])([H])C3=C([H])C([H])=C(/C(=N/O[H])C([H])([H])[H])C([H])=C3[H])S2(=O)=O)C([H])=C1[H])C([H])([H])[H],[H]O/N=C(/C1=C([H])C([H])=C(C([H])([H])[H])C([H])=C1[H])C([H])([H])[H],[H]O[C@]1([H])[C@@]([H])(O[H])[C@@]([H])(C([H])([H])OC2=C([H])C([H])=C([H])C([H])=C2[H])N([H])S(=O)(=O)N([H])[C@]1([H])C([H])([H])OC1=C([H])C([H])=C([H])C([H])=C1[H],[H]O/N=C(/C1=C([H])C([H])=C(C([H])([H])[H])C([H])=C1[H])C([H])([H])[H],base,v2,1,1
779,HIV-1 protease,human immunodeficiency virus type 1 protease,P03366,1g35_ligand_a023_779_dock.mol2,0.8569852,,,24.23,2.313,9.458,3.474,15.245,[H]OC([H])([H])C([H])([H])C1=C([H])C([H])=C(C([H])([H])N2[C@]([H])(C([H])([H])OC3=C([H])C([H])=C([H])C([H])=C3[H])[C@]([H])(O[H])[C@@]([H])(O[H])[C@@]([H])(C([H])([H])OC3=C([H])C([H])=C([H])C([H])=C3[H])N(C([H])([H])C3=C([H])C([H])=C(C([H])([H])C([H])([H])O[H])C([H])=C3[H])S2(=O)=O)C([H])=C1[H],[H]C1=C([H])C([H])=C(OC([H])([H])[H])C([H])=C1[H],[H]OC([H])([H])C([H])([H])C1=C([H])C([H])=C(C([H])([H])N2[C@]([H])(C([H])([H])OC3=C([H])C([H])=C([H])C([H])=C3[H])[C@]([H])(O[H])[C@@]([H])(O[H])C([H])([H])N(C([H])([H])[H])S2(=O)=O)C([H])=C1[H],[H]OC([H])([H])C([H])([H])C1=C([H])C([H])=C([H])C([H])=C1[H],base,v2,1,1
780,HIV-1 protease,human immunodeficiency virus type 1 protease,P03366,1hiv_ligand_u75875_780_dock.mol2,2.2644011,,,34.557,0.97,28.276,1.028,30.274,[H]O[C@]([H])([C@@]([H])(N([H])C(=O)[C@@]([H])(N([H])C(=O)C([H])([H])O/C1=C([H])/C([H])=C(/[H])C2=C1C([H])=C([H])C([H])=C2[H])C([H])([H])C1=C([H])N=C([H])N1[H])C([H])([H])C1([H])C([H])([H])C([H])([H])C([H])([H])C([H])([H])C1([H])[H])[C@]([H])(O[H])[C@]([H])(C(=O)N([H])[C@]([H])(C(=O)N([H])C([H])([H])C1=C([H])C([H])=C([H])C([H])=N1)[C@@]([H])(C([H])([H])[H])C([H])([H])C([H])([H])[H])C([H])(C([H])([H])[H])C([H])([H])[H],[H]C1=NC(C([H])([H])N([H])[H])=C([H])C([H])=C1[H],[H]O[C@]([H])([C@@]([H])(N([H])C(=O)[C@@]([H])(N([H])C(=O)C([H])([H])[H])C([H])([H])C1=C([H])N=C([H])N1[H])C([H])([H])C1([H])C([H])([H])C([H])([H])C([H])([H])C([H])([H])C1([H])[H])[C@]([H])(O[H])[C@]([H])(C(=O)N([H])[C@]([H])(C([H])=O)[C@@]([H])(C([H])([H])[H])C([H])([H])C([H])([H])[H])C([H])(C([H])([H])[H])C([H])([H])[H],[H]O/C1=C([H])/C([H])=C(/[H])C2=C1C([H])=C([H])C([H])=C2[H],base,v2,1,1
781,HIV-1 protease,human immunodeficiency virus type 1 protease,P03366,1hiv_ligand_b295_781_dock.mol2,0.360513511,,,25.64,1.872,3.635,17.437,22.944,[H]O[C@]([H])(C([H])([H])N([H])C1=C(C(=O)N([H])C(C([H])([H])[H])(C([H])([H])[H])C([H])([H])[H])C([H])=C([H])C([H])=C1[H])[C@@]([H])(N([H])C(=O)[C@@]([H])(N([H])C(=O)OC([H])([H])C1=C([H])C([H])=C([H])C([H])=C1[H])C([H])([H])C(=O)N([H])[H])C([H])([H])C1=C([H])C([H])=C([H])C([H])=C1[H],[H]OC([H])([H])C1=C([H])C([H])=C([H])C([H])=C1[H],[H]C(=O)N([H])[C@]([H])(C([H])=O)C([H])([H])C(=O)N([H])[H],[H]O[C@]([H])(C([H])([H])N([H])C1=C(C(=O)N([H])C(C([H])([H])[H])(C([H])([H])[H])C([H])([H])[H])C([H])=C([H])C([H])=C1[H])[C@@]([H])(N([H])[H])C([H])([H])C1=C([H])C([H])=C([H])C([H])=C1[H],base,v2,1,1
783,HIV-1 protease,human immunodeficiency virus type 1 protease,P03366,3oxc_ligand_native_783.mol2,3.638272164,,,41.059,2.887,5.926,33.795,42.608,[H]O[C@]([H])(C([H])([H])[N@+]1([H])C([H])([H])[C@@]2([H])C([H])([H])C([H])([H])C([H])([H])C([H])([H])[C@@]2([H])C([H])([H])[C@@]1([H])C(=O)N([H])C(C([H])([H])[H])(C([H])([H])[H])C([H])([H])[H])[C@@]([H])(N([H])C(=O)[C@@]([H])(N([H])C(=O)C1=N/C2=C([H])C([H])=C([H])C([H])=C2/C([H])=C\1[H])C([H])([H])C(=O)N([H])[H])C([H])([H])C1=C([H])C([H])=C([H])C([H])=C1[H],[H]C(=O)N([H])C(C([H])([H])[H])(C([H])([H])[H])C([H])([H])[H],[H]C(=O)[C@@]([H])(N([H])C(=O)C1=N/C2=C([H])C([H])=C([H])C([H])=C2/C([H])=C\1[H])C([H])([H])C(=O)N([H])[H],[H]O[C@]([H])(C([H])([H])[N@@+]1([H])C([H])([H])C([H])([H])[C@]2([H])C([H])([H])C([H])([H])C([H])([H])C([H])([H])[C@]2([H])C1([H])[H])[C@@]([H])(N([H])[H])C([H])([H])C1=C([H])C([H])=C([H])C([H])=C1[H],base,v2,1,1
785,HIV-1 protease,human immunodeficiency virus type 1 protease,P03366,1ohr_ligand_native_785.mol2,3.173925197,,,37.093,6.121,1.075,23.519,30.715,[H]OC1=C(C([H])([H])[H])C(C(=O)N([H])[C@@]([H])(C([H])([H])SC2=C([H])C([H])=C([H])C([H])=C2[H])[C@]([H])(O[H])C([H])([H])[N@+]2([H])C([H])([H])[C@@]3([H])C([H])([H])C([H])([H])C([H])([H])C([H])([H])[C@@]3([H])C([H])([H])[C@@]2([H])C(=O)N([H])C(C([H])([H])[H])(C([H])([H])[H])C([H])([H])[H])=C([H])C([H])=C1[H],[H]OC1=C(C([H])([H])[H])C(C([H])=O)=C([H])C([H])=C1[H],[H]SC1=C([H])C([H])=C([H])C([H])=C1[H],[H]O[C@]([H])(C([H])([H])[N@+]1([H])C([H])([H])[C@@]2([H])C([H])([H])C([H])([H])C([H])([H])C([H])([H])[C@@]2([H])C([H])([H])[C@@]1([H])C(=O)N([H])C(C([H])([H])[H])(C([H])([H])[H])C([H])([H])[H])[C@@]([H])(N([H])[H])C([H])([H])[H],base,v2,1,1
786,HIV-1 protease,human immunodeficiency virus type 1 protease,P03366,2bpx_ligand_native_786.mol2,2.801342913,,,29.811,25.965,11.71,4.828,42.503,[H]O[C@@]([H])(C([H])([H])[C@]([H])(C(=O)N([H])[C@@]1([H])C2=C([H])C([H])=C([H])C([H])=C2C([H])([H])[C@@]1([H])O[H])C([H])([H])C1=C([H])C([H])=C([H])C([H])=C1[H])C([H])([H])[N@+]1([H])C([H])([H])C([H])([H])[N@@+]([H])(C([H])([H])C2=C([H])N=C([H])C([H])=C2[H])C([H])([H])[C@@]1([H])C(=O)N([H])C(C([H])([H])[H])(C([H])([H])[H])C([H])([H])[H],[H]C1=NC([H])=C(C([H])([H])[N@+]2([H])C([H])([H])C([H])([H])[N+]([H])([H])[C@]([H])(C(=O)N([H])C(C([H])([H])[H])(C([H])([H])[H])C([H])([H])[H])C2([H])[H])C([H])=C1[H],[H]O[C@]([H])(C([H])([H])[H])C([H])([H])[C@]([H])(C([H])=O)C([H])([H])C1=C([H])C([H])=C([H])C([H])=C1[H],[H]O[C@]1([H])C([H])([H])C2=C([H])C([H])=C([H])C([H])=C2[C@]1([H])N([H])[H],base,v2,1,1
787,HIV-1 protease,human immunodeficiency virus type 1 protease,P03366,3ekv_ligand_native_787.mol2,2.311580178,,,33.104,3.653,4.694,19.919,28.266,[H]O[C@]([H])(C([H])([H])N(C([H])([H])C([H])(C([H])([H])[H])C([H])([H])[H])S(=O)(=O)C1=C([H])C([H])=C(N([H])[H])C([H])=C1[H])[C@@]([H])(N([H])C(=O)O[C@]1([H])C([H])([H])OC([H])([H])C1([H])[H])C([H])([H])C1=C([H])C([H])=C([H])C([H])=C1[H],[H]N([H])C(=O)O[C@]1([H])C([H])([H])OC([H])([H])C1([H])[H],[H]C1=C([H])C(S([H])(=O)=O)=C([H])C([H])=C1N([H])[H],[H]O[C@]([H])(C([H])([H])N([H])C([H])([H])C([H])(C([H])([H])[H])C([H])([H])[H])C([H])([H])C([H])([H])C1=C([H])C([H])=C([H])C([H])=C1[H],base,v2,1,1
801,A2AR,adenosine A2A receptor,P29274,2ydv_ligand_native_1,3.301029996,,,43.562,5.117,24.141,7.918,37.176,[H]O[C@]1([H])[C@@]([H])(C(=O)N([H])C([H])([H])C([H])([H])[H])O[C@@]([H])(N2C([H])=NC3=C2N([H])C([H])=NC3([H])N([H])[H])[C@]1([H])O[H],[H]C1=NC2=C(N1[H])N([H])C([H])=NC2([H])N([H])[H],[H]O[C@@]1([H])C([H])([H])OC([H])([H])[C@@]1([H])O[H],[H]C(=O)N([H])C([H])([H])C([H])([H])[H],base,v2,0,1
802,A2AR,adenosine A2A receptor,P29274,2ydv_ligand_4_dock,2.823908741,,,42.727,9.185,7.547,18.6,35.332,[H]O[C@]1([H])[C@@]([H])(C([H])([H])SC([H])([H])[H])O[C@@]([H])(N2C([H])=NC3=C(N([H])[H])/N=C(C#CC([H])([H])C([H])([H])C([H])([H])C([H])([H])[H])\N=C\32)[C@]1([H])O[H],[H]C1=NC2=C(N([H])[H])/N=C([H])\N=C\2N1[H],[H]O[C@@]1([H])C([H])([H])O[C@]([H])(C([H])([H])SC([H])([H])[H])[C@@]1([H])O[H],[H]C#CC([H])([H])C([H])([H])C([H])([H])C([H])([H])[H],base,v2,0,1
803,A2AR,adenosine A2A receptor,P29274,2ydv_ligand_5_dock,3.0,,,39.071,10.055,6.659,18.772,35.486,[H]OC([H])([H])[C@@]1([H])O[C@@]([H])(N2C(N([H])C([H])([H])[H])=NC3=C(N([H])[H])/N=C(C#CC([H])([H])C([H])([H])C([H])([H])C([H])([H])[H])\N=C\32)[C@]([H])(O[H])[C@]1([H])O[H],[H]C1=N\C(N([H])[H])=C2\N=C(N([H])C([H])([H])[H])N([H])\C2=N\1,[H]OC([H])([H])[C@@]1([H])OC([H])([H])[C@]([H])(O[H])[C@]1([H])O[H],[H]C#CC([H])([H])C([H])([H])C([H])([H])C([H])([H])[H],base,v2,0,1
804,A2AR,adenosine A2A receptor,P29274,3uzc_ligand_native_7,2.995678626,,,39.409,12.79,15.798,6.007,34.595,[H]OC1=C(Cl)C([H])=C(C2=NN=C(N([H])[H])N=C2C2=C([H])C([H])=C([H])C([H])=C2[H])C([H])=C1[H],[H]C1=C([H])C([H])=C([H])C([H])=C1[H],[H]OC1=C(Cl)C([H])=C([H])C([H])=C1[H],[H]C1=NN=C(N([H])[H])N=C1[H],base,v2,0,1
805,A2AR,adenosine A2A receptor,P29274,3uzc_ligand_8_dock,1.053547735,,,27.928,5.387,13.857,4.594,23.838,[H]C1=C(F)C([H])=C(C2=NC(N([H])[H])=NN=C2C2=C([H])C(C([H])([H])[H])=NC(C([H])([H])[H])=C2[H])C([H])=C1F,[H]C1=C([H])C(F)=C([H])C(F)=C1[H],[H]C1=C([H])C([H])=C(C([H])([H])[H])N=C1C([H])([H])[H],[H]C1=C([H])N=C(N([H])[H])N=N1,base,v2,0,1
806,A2AR,adenosine A2A receptor,P29274,3uzc_ligand_9_dock,1.388276692,,,26.475,5.006,14.227,8.029,27.262,[H]C1=C([H])C(C2=NC(N([H])[H])=NN=C2C2=C([H])C(C([H])([H])[H])=NC(C(F)(F)F)=C2[H])=C([H])C([H])=C1F,[H]C1=C([H])C([H])=C(F)C([H])=C1[H],[H]C1=C([H])C([H])=C(C([H])([H])[H])N=C1C(F)(F)F,[H]C1=C([H])N=C(N([H])[H])N=N1,base,v2,0,1
807,A2AR,adenosine A2A receptor,P29274,3uzc_ligand_10_dock,1.369572125,,,24.163,7.055,18.02,7.753,32.828,[H]C1=C([H])C(C2=NC(N([H])[H])=NN=C2C2=C([H])C(C([H])([H])[H])=NC(C([H])([H])[H])=C2[H])=C([H])C(F)=C1[H],[H]C1=C([H])C([H])=C(F)C([H])=C1[H],[H]C1=C([H])C([H])=C(C([H])([H])[H])N=C1C([H])([H])[H],[H]C1=NN=C(N([H])[H])N=C1[H],base,v2,0,1
808,A2AR,adenosine A2A receptor,P29274,3uzc_ligand_11_dock,0.93930216,,,23.795,8.614,10.62,2.031,21.265,[H]C1=C([H])C(C2=NC(N([H])[H])=NN=C2C2=C([H])C(C([H])([H])[H])=NC(C([H])([H])[H])=C2[H])=C([H])C([H])=C1F,[H]C1=C([H])C([H])=C(F)C([H])=C1[H],[H]C1=C([H])C([H])=C(C([H])([H])[H])N=C1C([H])([H])[H],[H]C1=NN=C(N([H])[H])N=C1[H],base,v2,0,1
809,A2AR,adenosine A2A receptor,P29274,3uzc_ligand_12_dock,1.93930216,,,38.19,4.635,12.444,11.246,28.325,[H]C1=C([H])C([H])=C(C2=NC(N([H])[H])=NN=C2C2=C([H])C(C([H])([H])[H])=NC(C([H])([H])[H])=C2[H])C([H])=C1[H],[H]C1=C([H])C([H])=C([H])C([H])=C1[H],[H]C1=C([H])C([H])=C(C([H])([H])[H])N=C1C([H])([H])[H],[H]C1=NN=C(N([H])[H])N=C1[H],base,v2,0,1
810,A2AR,adenosine A2A receptor,P29274,3uzc_ligand_14_dock,0.774690718,,,26.505,9.844,14.675,3.272,27.791,[H]C1=C([H])C([H])=C(C2=NC(N([H])[H])=NN=C2C2=C([H])C(Cl)=C([H])C([H])=C2[H])C([H])=C1[H],[H]C1=C([H])C([H])=C([H])C([H])=C1[H],[H]C1=C([H])C([H])=C(Cl)C([H])=C1[H],[H]C1=NN=C(N([H])[H])N=C1[H],base,v2,0,1
